,player_name,team_number,team_name,age,position,Apps,Mins,Assists,KeyP,AvgP,PS%,Crosses,LongB,ThrB,Rating,sub,Goals,Yel,Red,SpG,AerialsWon,MoM,Dribble,Fouled,Off,Disp,UnsTch,Tackles,Inter,Fouls,Offsides,Clear,Drb,Blocks,OwnG
0,Eden Hazard,15,Chelsea,30,"M(CLR),FW",36,3007,5,2.4,48.6,84.2,0.5,3.2,0.1,7.81,0,16,3,0,2.1,0.6,13,4,2.8,0.2,1.7,2,0.5,0.8,0.5,0,0.1,0.4,0,0
1,Alexis Sánchez,13,Arsenal,32,"M(CLR),FW",36,3224,10,2.1,43.3,73.6,0.4,2,0.2,7.76,2,24,6,0,3.4,0.4,10,2.9,1.8,0.7,3.4,2.5,1.4,0.7,1.3,0,0.1,0.7,0,0
2,Paul Pogba,32,Man Utd,28,M(CL),29,2610,4,1.9,72.6,85.1,0.2,5.4,0.4,7.72,1,5,7,0,3.1,2.8,4,2.4,2.4,0.1,1.8,2.6,1.8,1,2.1,0.1,1.4,1,0.1,0
3,Harry Kane,30,Tottenham,28,"AM(C),FW",29,2536,7,1.4,19.9,71.7,0.2,0.6,0,7.68,1,29,3,0,3.7,1.5,7,1.3,1.5,0.6,1.6,2.8,0.7,0.1,0.8,0,0.7,0.3,0,0
4,Philippe Coutinho,26,Liverpool,29,M(CLR),28,2245,7,2.1,45.2,83.9,1.2,2.3,0.2,7.56,3,13,2,0,3.4,0.2,8,2.3,1.2,0.1,1.8,1.8,1.1,0.6,0.6,0,0.2,1.5,0,0
5,Kevin De Bruyne,167,Man City,30,"M(CLR),FW",33,2885,18,2.9,50.1,82,2.3,2.3,0.4,7.55,3,6,4,0,2.4,0.4,9,1.4,1.1,0.1,1.3,1.6,1.4,0.6,1,0,0.2,1.8,0,0
6,Roberto Firmino,26,Liverpool,30,"M(CLR),FW",34,3069,7,2.2,44.1,79.4,0.3,0.9,0.1,7.54,1,11,5,0,2.9,1.8,5,2,0.9,0.5,2.3,2.3,1.7,0.7,1.5,0,0.4,1.5,0.1,0
7,Christian Eriksen,30,Tottenham,29,M(CLR),36,3167,15,3.1,54.9,80.2,1.5,3,0.2,7.53,0,8,0,0,3.7,0.6,7,0.8,0.7,0.1,1.4,1.5,1.3,0.6,0.6,0,0.6,1.3,0,0
8,Sadio Mané,26,Liverpool,29,"AM(CLR),FW",26,2248,5,1.6,37.8,77.5,0.3,0.9,0,7.51,1,13,4,0,2.1,1.6,2,2.5,2,0.5,2.7,2.2,0.9,0.3,1.2,0,0.4,0.7,0,0
9,Romelu Lukaku,31,Everton,28,"AM(R),FW",36,3267,6,1.3,26.1,65.5,0.2,0.5,0.1,7.50,1,25,3,0,3,3.7,6,1.7,0.9,1,2.4,2.1,0.2,0,0.9,0,0.7,0.4,0.1,0
10,Nicolás Otamendi,167,Man City,33,D(C),29,2592,1,0.2,64.9,88.2,0,2.7,0,7.49,1,1,9,0,0.5,3.9,2,0.4,0.9,0,0.2,0.4,2.3,2.7,1,0.9,6.3,0.6,0.5,0
11,Virgil van Dijk,18,Southampton,30,D(C),21,1854,0,0.3,46.7,84.2,0,4.6,0,7.43,0,1,3,1,0.8,4.7,3,0.4,0.8,0,0.1,0.2,1.9,2.6,0.9,0.2,6.8,0.3,0.7,0
12,Marcos Alonso,15,Chelsea,30,"D(CL),M(L)",30,2694,3,0.8,40.3,77.8,0.5,1.7,0.1,7.41,1,6,2,0,1.5,2.4,1,0.7,0.6,0.1,1,1.2,1.9,1.5,0.8,0.1,2.5,0.8,0.2,0
13,Zlatan Ibrahimovic,32,Man Utd,40,FW,27,2437,5,1.7,37.3,73.6,0.1,1.4,0.3,7.41,1,17,7,0,4.1,3,5,0.6,0.7,1.3,1.4,2,0.4,0.4,1.9,0,0.8,0.5,0,0
14,Diego Costa,15,Chelsea,33,FW,35,3090,7,1.2,29.5,75.2,0,0.8,0.2,7.41,0,20,10,0,3.2,1.3,5,1.6,2.6,0.7,3.4,3.1,0.5,0.2,1.2,0,1.1,0.5,0.1,0
15,Wilfried Zaha,162,Crystal Palace,28,"AM(LR),FW",34,3025,9,1.1,19.9,79.9,0.7,0.5,0.1,7.38,1,7,8,0,1.4,0.4,4,4.1,3.5,0.2,3.7,3.3,2.1,1,1.6,0,0.3,1.2,0,0
16,Christian Benteke,162,Crystal Palace,30,FW,36,3138,2,0.9,25.6,59.6,0,0.5,0,7.36,0,15,10,0,2.9,9,7,0.8,1.3,1,1.8,2.6,0.3,0.2,2.3,0,1.3,0.4,0,0
17,Ander Herrera,32,Man Utd,32,M(C),27,2467,6,1.2,67.4,87.6,0.6,3.7,0.2,7.36,4,1,5,1,1.2,0.9,5,1,1.5,0,0.6,0.6,2.7,2.6,1.5,0,1.6,2.1,0.2,0
18,Shkodran Mustafi,13,Arsenal,29,D(CR),26,2275,2,0.3,60.1,82.7,0.2,2.1,0,7.35,0,2,11,0,0.9,3.9,2,0.6,0.6,0,0.2,0.3,2.2,2.5,1.3,1.2,5,0.8,0.2,0
19,Dele Alli,30,Tottenham,25,"M(CL),FW",35,3045,7,1.4,35.9,80.7,0,1.6,0.1,7.35,2,18,4,0,2.5,0.4,2,1.4,2.1,0.3,2.1,2.2,1.4,0.3,1.4,0.1,0.5,1.2,0,0
20,Sergio Agüero,167,Man City,33,"AM(CL),FW",25,2407,3,1,24.9,82.4,0.1,0.5,0.1,7.33,6,20,4,1,4.5,0.2,6,2.5,1.1,0.7,2.2,2.5,0.6,0.1,0.7,0,0,0.6,0,0
21,Jordan Henderson,26,Liverpool,31,"D(C),M(CLR)",24,2118,4,1.3,85.7,85.9,0.7,6.9,0.1,7.30,0,1,8,0,0.7,1.1,2,0.2,0.7,0,0.5,0.4,3.7,1.7,1.2,0,1.7,1.6,0.1,0
22,Mesut Özil,13,Arsenal,33,M(CLR),32,2848,9,3,63.9,86.6,1.8,1.7,0.1,7.30,1,8,2,0,1.2,0.2,4,1,1,0.6,1.2,1.9,0.8,0.5,0.4,0,0.3,0.8,0,0
23,Aleksandar Kolarov,167,Man City,35,"D(CL),M(L)",27,2533,1,0.5,64.1,84.5,0.4,4.2,0,7.30,2,1,6,0,1.1,2.9,2,0.8,1.3,0,0.2,0.6,1.6,1.6,1.2,0.6,5.4,0.6,0.3,1
24,Jan Vertonghen,30,Tottenham,34,D(CL),33,2897,0,0.2,62.2,85.3,0,5.1,0,7.28,0,0,5,0,0.4,3.2,1,0.8,0.6,0,0.3,0.4,1.3,1.3,0.6,0.7,7,0.3,0.6,0
25,David Silva,167,Man City,35,M(CLR),31,2768,7,2.4,61,87.2,1.1,1.5,0.3,7.28,3,4,6,0,1.4,0.5,1,1.4,1.6,0.1,1.6,1.1,1.3,0.5,0.9,0,0.6,1.2,0.1,0
26,James Milner,26,Liverpool,35,"D(LR),M(CLR)",36,3160,3,1.6,60.2,79.7,1.5,3.6,0.1,7.26,0,7,5,0,1,1.6,2,0.9,0.6,0.1,0.6,0.9,2.6,1.2,1.1,0.3,2.8,1.4,0.1,0
27,Michail Antonio,29,West Ham,31,"D(R),M(CLR),FW",29,2440,3,1.1,22,73,0.8,1,0.1,7.25,0,9,4,1,2.7,2,3,2.6,1.7,0.7,1.9,2.4,1.1,1,1.1,0.2,1.3,0.7,0.1,0
28,Gylfi Sigurdsson,259,Swansea,32,"M(CLR),FW",37,3329,13,2.1,27.4,77,2.3,0.9,0.1,7.25,1,9,2,0,3.1,0.2,4,0.8,0.9,0,1.1,2.1,1.2,0.9,0.5,0,0.6,0.8,0.1,0
29,Laurent Koscielny,13,Arsenal,36,D(C),33,2824,0,0.1,50.5,87.9,0,2.2,0,7.25,0,2,4,1,0.3,3.5,1,0.1,0.8,0.1,0,0.4,1.5,2.7,0.6,1,6.1,0.6,0.7,0
30,Antonio Valencia,32,Man Utd,36,"D(R),M(R)",27,2483,3,1.1,48.9,85.8,1.5,1.8,0,7.24,1,1,5,0,0.3,0.8,0,1.3,0.6,0.3,0.5,0.8,2.4,1.5,1.2,0.1,2.1,0.4,0.3,0
31,Idrissa Gueye,31,Everton,32,M(C),32,2688,1,0.8,57.1,86.3,0.1,2.9,0,7.23,1,1,11,0,0.8,1,2,0.8,1.6,0,1.1,0.8,4.1,2.5,1.5,0,1.2,1.5,0.3,0
32,Eric Bailly,32,Man Utd,27,D(CR),24,2060,0,0,35,85.5,0,2.4,0,7.23,1,0,4,0,0.2,1.5,0,0.6,1,0,0.3,0.6,2.4,2.4,1.1,0.8,5,0.5,0.6,0
33,N'Golo Kanté,15,Chelsea,30,DMC,35,3139,1,0.6,60.6,88.8,0,3.9,0.1,7.23,0,1,9,0,0.8,0.5,1,1,0.4,0,0.8,1.3,3.6,2.4,1.5,0.1,1.2,1.3,0.1,0
34,Daley Blind,32,Man Utd,31,"D(CL),DMC,M(L)",20,1830,2,1.2,45.2,85.9,1,2.9,0,7.23,3,1,2,0,0.4,1.1,0,0.3,0.6,0,0.2,0.3,2,1.9,0.6,0.2,4.7,0.7,0.4,0
35,Victor Moses,15,Chelsea,30,M(CLR),29,2498,2,0.8,29.7,79.2,0.5,0.9,0,7.22,5,3,4,0,1.3,1,0,1.6,0.9,0.1,0.9,0.5,1.4,1.2,0.8,0.1,1.4,0.6,0.2,0
36,Victor Wanyama,30,Tottenham,30,DMC,35,3016,1,0.9,54.8,87.5,0.1,3.3,0,7.21,1,4,10,0,1.1,1.7,2,1.4,1,0,0.9,0.9,2.5,1.1,1.8,0,1.9,1.1,0.3,0
37,César Azpilicueta,15,Chelsea,32,"D(CLR),M(R)",38,3420,4,0.6,64.7,87.3,0.2,3,0.1,7.21,0,1,4,0,0.5,2.1,4,0.3,0.6,0.1,0.2,0.3,2.2,1.9,0.7,0.4,3.1,0.9,0.2,0
38,Kyle Walker,30,Tottenham,31,"D(CR),M(R)",31,2704,5,1.2,44.4,79.8,0.4,3.4,0,7.20,2,0,8,0,0.6,1.8,2,1.1,1,0.1,0.8,0.8,2.2,1.2,1.1,0.5,2.8,0.5,0.2,0
39,Steve Cook,183,Bournemouth,30,D(C),38,3420,0,0.1,45.2,82,0,4.4,0,7.18,0,2,5,0,0.8,3.8,2,0.5,0.4,0,0.1,0.4,1.2,2,0.4,0.7,9.3,0.4,1,1
40,Mousa Dembélé,30,Tottenham,34,M(CR),24,2066,1,0.8,49.3,92,0.1,1.9,0.1,7.18,6,1,5,0,0.5,0.8,2,2.6,0.7,0,1.7,0.7,2.1,0.8,1.5,0,0.7,0.7,0.2,0
41,Yaya Touré,167,Man City,38,M(C),22,1947,0,0.8,71.9,89.8,0,3.9,0.1,7.17,3,5,4,0,1.3,1.6,2,1.1,0.4,0,1,0.8,1.7,0.6,1,0,1.6,1.1,0.2,0
42,Fernandinho,167,Man City,36,"D(CR),DMC",31,2755,1,1,68.1,86.6,0.2,3.3,0.1,7.16,1,2,4,2,1.1,1.6,1,0.9,1.1,0,1,0.8,2.5,2,1.5,0.2,1.9,1.8,0.2,0
43,David Luiz,15,Chelsea,34,"D(C),DMC",33,2956,0,0.3,47.6,83.6,0.1,4.8,0.1,7.16,0,1,6,0,0.9,1.8,1,0.4,0.9,0.1,0.2,0.5,1.3,1.9,0.9,0.5,5.2,0.4,0.4,0
44,Marcos Rojo,32,Man Utd,31,D(CL),18,1661,0,0.2,45.3,86,0.1,3.2,0,7.16,3,1,5,0,0.7,2.2,0,0.5,0.5,0,0.1,0.2,1.4,1.6,1.1,0.2,6.8,0.5,0.3,0
45,Ross Barkley,31,Everton,27,M(CLR),32,2909,8,2.3,45.9,82.5,0.8,3.1,0.1,7.15,4,5,5,0,2.4,1.2,1,1.7,1,0.2,2.7,2.1,0.8,0.3,1.4,0,1,1,0.2,0
46,Oriol Romeu,18,Southampton,30,DMC,35,3072,0,0.5,59.1,84.2,0.1,2.8,0,7.15,0,1,11,0,0.8,2.1,1,0.8,1,0,0.8,0.7,3.3,2.5,1.9,0.1,1.9,1.7,0.4,0
47,Son Heung-Min,30,Tottenham,29,"M(CLR),FW",23,2070,6,1.3,22.8,81.2,0.4,0.6,0,7.14,11,14,2,0,2.4,0.3,3,1.4,0.9,0.6,1.8,1.6,0.6,0.2,0.3,0,0.2,0.6,0,0
48,Ben Mee,184,Burnley,32,D(CL),34,3016,0,0.2,33.6,73.3,0,4.1,0,7.14,0,1,5,0,0.5,3.7,2,0,0.8,0,0.1,0.2,1.4,2.1,0.7,0.4,8.8,0.5,1.4,2
49,Pedro,15,Chelsea,34,M(CLR),26,2151,9,1.2,27,82.7,0.3,0.9,0.1,7.13,9,9,6,0,1.7,0.2,0,1.6,1.1,0.2,1.2,1.4,1.4,0.6,0.9,0,0.3,0.9,0,0
50,Phil Jagielka,31,Everton,39,D(CR),25,2251,2,0.2,45.1,82.8,0,5.4,0,7.13,2,3,4,1,0.5,3.3,2,0.1,1,0,0.1,0.2,1.6,1.5,0.5,0.3,7.7,0.3,0.9,0
51,Dejan Lovren,26,Liverpool,32,D(C),29,2555,1,0.3,69,86.6,0,4.8,0,7.13,0,2,6,0,0.5,3.6,0,0,0.7,0,0.1,0.2,1.4,1.6,0.9,1.1,6.3,0.6,0.6,0
52,Michael Keane,184,Burnley,28,D(CR),35,3150,1,0.2,32.2,72.8,0,3.6,0,7.13,0,2,4,0,0.7,4.3,2,0.1,0.3,0,0.2,0.3,0.8,1.8,0.4,0.7,7.4,0.3,1.3,0
53,Ben Davies,30,Tottenham,28,"D(CL),M(L)",18,1735,3,1.3,45.7,79.3,0.8,2,0,7.12,5,1,1,0,0.6,2.1,0,0.3,1.1,0.1,0.4,0.4,1.7,0.5,0.6,0.3,3.4,0.6,0.3,0
54,Séamus Coleman,31,Everton,33,"D(CR),M(R)",26,2317,3,0.7,35.4,77.9,0.7,2,0,7.12,0,4,3,0,0.7,0.8,2,1.2,1,0.2,1.2,1.2,2.1,1.1,0.7,0.2,2.6,0.7,0.7,0
55,Manuel Lanzini,29,West Ham,28,M(CLR),31,2716,2,1.6,45.2,87.3,0.6,1.3,0.1,7.11,4,8,9,0,2,0.1,3,2.5,1.1,0.2,1.1,1.7,1.3,1.3,0.6,0,0.3,1.1,0,0
56,Geoff Cameron,96,Stoke,36,"D(CLR),DMC",18,1628,1,0.5,41.4,74.5,0.2,2.4,0,7.11,1,0,1,0,0.6,2.9,1,1.4,0.9,0.1,0.9,1.1,2.5,1.7,0.9,0.1,2.5,0.9,0.7,0
57,Gareth McAuley,175,West Brom,41,D(C),36,3143,1,0.1,20.6,65.9,0.1,3,0,7.11,0,6,5,0,0.4,3.1,1,0.5,0.3,0,0.1,0.2,1.4,2,0.8,0.4,6.3,0.5,0.9,1
58,Joel Matip,26,Liverpool,30,D(C),27,2456,0,0.3,58.6,87.2,0,3.2,0,7.11,2,1,3,0,0.9,2.2,0,0.3,0.4,0,0.1,0.2,1.6,1.6,0.5,0.9,5.3,0.2,0.4,0
59,Adam Lallana,26,Liverpool,33,AM(CLR),27,2350,7,1.4,45.4,84.3,0.3,0.9,0.1,7.10,4,8,3,0,1.6,0.7,1,1.1,1,0.4,1.7,1.6,1.6,0.6,0.5,0,0.7,1.3,0.1,0
60,Joshua King,183,Bournemouth,29,"AM(CLR),FW",31,2721,2,0.8,19.9,79.6,0.3,0.3,0.1,7.08,5,16,1,0,1.9,1.1,3,2.1,1.2,0.1,2.5,2.8,1.4,0.5,1.6,0,1.1,0.7,0.2,0
61,Winston Reid,29,West Ham,33,D(C),30,2590,2,0.3,32.8,80.8,0,3.5,0,7.08,0,2,8,1,0.4,1.9,0,0.3,1.2,0,0.1,0.2,1.1,2.7,1,0.6,8.1,0.6,0.8,0
62,Harry Maguire,214,Hull,28,D(C),25,2307,2,0.4,40.8,76.2,0.1,3.5,0,7.07,4,2,5,0,1.2,2.4,3,1,1.2,0.1,0.3,0.6,1.9,2.2,0.8,0.7,4.9,0.6,0.9,0
63,Gary Cahill,15,Chelsea,35,D(C),36,3296,0,0.1,50,88.4,0,3,0,7.06,1,6,5,0,0.6,2.5,1,0.1,0.6,0.1,0.2,0.5,1.4,1.2,0.9,0.6,4.5,0.2,0.5,1
64,Andros Townsend,162,Crystal Palace,30,"AM(LR),FW",30,2529,4,1.4,19,75.2,1.6,0.4,0,7.06,6,3,4,0,1.6,0.1,4,1.9,1,0.1,2.2,1.7,2.1,1.2,0.5,0,0.5,1.5,0.1,0
65,Leroy Sané,167,Man City,25,"M(CLR),FW",20,1788,3,1.3,26.6,81.3,0.3,0.3,0,7.06,6,5,4,0,1.3,0.7,1,2,0.7,0.5,1.7,2,1.3,0.6,0.5,0,0.2,0.7,0,0
66,Emre Can,26,Liverpool,27,"D(CLR),DMC",26,2368,2,1,51.8,81.6,0.1,3.3,0.1,7.05,6,5,6,0,1.4,2.1,3,0.7,0.9,0.1,0.8,1,2.1,1,2.2,0,1.6,1,0.1,0
67,Calum Chambers,21,Middlesbrough,26,"D(CR),DMC",24,2160,1,0.3,43,78,0.2,3.3,0,7.05,0,1,4,0,0.3,2.6,1,0.4,0.4,0,0.5,0.5,2,2.1,1,0.6,7.3,0.8,1,0
68,Cesc Fàbregas,15,Chelsea,34,"M(CL),FW",13,1328,12,2.1,45.7,84.5,0.7,3.3,0.2,7.05,16,5,8,0,0.9,0.3,3,0.4,0.6,0,0.3,0.3,1,0.6,0.8,0,0.6,0.8,0.1,0
69,Raheem Sterling,167,Man City,26,"M(CLR),FW",29,2517,6,1.4,31.4,80.4,0.2,0.3,0,7.05,4,7,7,0,1.9,0.4,4,2.4,1.6,0.5,2.6,1.8,0.7,0.5,1.1,0,0.1,1,0,0
70,Christian Fuchs,14,Leicester,35,"D(CL),M(L)",35,3104,4,1.1,35.9,72.3,0.7,2.7,0,7.05,1,2,10,0,0.6,1.9,2,0.4,0.2,0,0.3,0.6,2.7,2,0.8,0.3,4,1.4,0.4,0
71,Jordan Pickford,16,Sunderland,27,GK,29,2610,0,0.1,32.9,46.2,0,11.4,0,7.04,0,0,0,0,0,0.4,3,0,0.2,0,0,0.1,0,0.1,0,0,1.2,0,0,0
72,Ashley Williams,31,Everton,37,D(C),35,3159,3,0.3,47.8,82,0,4.6,0,7.04,1,1,7,1,0.4,2.3,1,0.1,0.4,0.1,0.1,0.2,1.5,1.6,1.1,0.4,7.9,0.6,0.8,0
73,Cheikhou Kouyaté,29,West Ham,31,"D(CR),DMC",31,2728,0,0.3,34.5,83.4,0.1,1.4,0,7.04,0,1,3,0,0.7,2.5,1,0.8,1.2,0.1,0.6,1,2.5,2.5,1.4,0.2,3.6,0.7,0.2,0
74,Adama Traoré,21,Middlesbrough,25,"M(CLR),FW",16,1537,1,0.7,13.7,69.9,0.6,0.4,0,7.03,11,0,1,0,0.4,0.6,2,5,1.6,0,1.9,2.1,1.1,0.2,0.7,0,0.2,0.4,0.1,0
75,Maya Yoshida,18,Southampton,33,D(CR),23,2070,0,0.2,49,86,0,1.9,0,7.03,0,1,2,0,0.7,3.3,0,0,0.9,0,0.2,0.5,1.3,2,0.8,0.4,6.3,0.1,0.6,0
76,Matt Phillips,175,West Brom,30,"M(CLR),FW",26,2194,8,1.3,18,67.3,1.2,0.6,0,7.03,1,4,2,0,1.7,1.4,4,2,0.3,0.1,2.3,1.8,0.8,0.7,0.4,0,0.9,0.7,0.1,0
77,Matthew Lowton,184,Burnley,32,"D(LR),M(R)",36,3240,2,0.8,30.2,66.7,0.7,3.2,0,7.02,0,0,9,0,0.2,1.5,1,0.7,0.6,0,0.4,0.8,2.8,1.8,0.9,0.2,4.9,1.1,0.8,0
78,Nemanja Matic,15,Chelsea,33,DMC,30,2697,7,0.7,53.3,87.7,0,4,0.1,7.01,5,1,4,0,0.6,1.1,1,0.8,0.7,0,1,0.9,1.5,1.4,0.9,0.1,1.3,0.8,0.3,0
79,Robert Snodgrass,214,Hull,34,M(CLR),19,1712,3,2.3,35.5,82.9,1.8,1.4,0.1,7.01,1,7,2,0,2,0.8,3,1,1.9,0.3,1.7,1.4,1.3,0.5,1.6,0,0.7,2,0.1,0
80,Toby Alderweireld,30,Tottenham,32,D(CR),30,2604,0,0.2,50.7,83.2,0,7.1,0,7.00,0,1,1,0,0.9,1.4,1,0.1,0.2,0,0,0.2,1.4,0.9,0.3,0.9,5.4,0.5,0.7,0
81,Alex Oxlade Chamberlain,13,Arsenal,28,M(CLR),16,1563,7,1.1,26.7,82.2,0.5,1.3,0.1,6.99,13,2,1,0,1,0.5,1,2.1,0.6,0,1,0.9,1.3,0.4,1,0,0.8,0.6,0.1,0
82,Joel Robles,31,Everton,31,GK,19,1736,1,0.1,28.5,50.9,0,8.1,0,6.99,1,0,2,0,0,0.2,0,0.1,0.2,0,0,0,0.1,0,0.1,0,0.8,0,0,0
83,Alfie Mawson,259,Swansea,27,D(C),27,2430,0,0.1,45.1,82.9,0,6,0,6.99,0,4,1,0,0.9,3.1,2,0.7,0.7,0,0.1,0.3,1,1.1,0.4,0.6,6.2,0.6,1,2
84,George Friend,21,Middlesbrough,34,"D(CL),M(L)",20,1960,2,0.5,32.5,77.2,0.2,1.9,0,6.99,4,0,4,0,0.6,2,0,1.5,1,0,0.7,1.1,2.6,2.3,1.2,0.4,3.3,0.9,0.5,0
85,Theo Walcott,13,Arsenal,32,"M(CLR),FW",23,1925,2,0.5,19.3,75.3,0.3,0.2,0.1,6.99,5,10,1,0,2.2,0.8,1,1.5,1,0.6,1.4,2,1.3,0.5,0.5,0,0.5,0.6,0,0
86,Leighton Baines,31,Everton,36,"D(L),M(L)",32,2822,3,1.4,40.9,81.5,1,2.4,0,6.99,0,2,4,0,0.5,0.8,2,0.4,0.9,0,0.4,0.2,2,1.4,1.1,0.1,2,0.8,0.2,0
87,Juan Mata,32,Man Utd,33,AM(CLR),19,1628,3,1.8,39.6,89.7,1,1.8,0.1,6.98,6,6,3,0,1.6,0.2,1,0.6,0.6,0.4,0.6,0.7,0.8,0.4,0.4,0,0.3,0.9,0,1
88,Fernando Llorente,259,Swansea,36,FW,28,2454,1,0.8,27.3,66.4,0.1,0.5,0,6.98,5,15,2,0,1.6,4.7,4,0.3,0.9,0.4,1.6,1.9,0.5,0.1,1.5,0,1.1,0.5,0.1,0
89,Gaël Clichy,167,Man City,36,D(L),24,2125,0,0.6,58.2,85.2,0.3,1.8,0,6.98,1,1,2,0,0.1,1.2,0,0.4,0.3,0,0.3,0.3,1.8,2.1,0.5,0.5,3.4,1,0.1,0
90,Nacho Monreal,13,Arsenal,35,"D(CL),M(L)",35,3153,2,0.3,48.7,85.6,0.2,1.1,0,6.98,1,0,5,0,0.3,1.6,0,0.4,1,0.2,0.5,0.4,2.5,2.5,0.9,0.2,2.8,1.4,0.3,0
91,Jonny Evans,175,West Brom,33,D(CL),30,2638,1,0.3,30.4,80.3,0.1,2.5,0,6.97,1,2,8,0,0.3,1.5,1,0.7,0.9,0,0.3,0.4,1.4,2.4,1,0.3,4.9,0.6,0.6,0
92,Nathan Redmond,18,Southampton,27,"AM(CLR),FW",32,2909,1,1.5,30.7,82.7,0.4,1.5,0.1,6.97,5,7,2,1,2.2,0.4,3,1.9,1.2,0.4,1.8,1.1,1.1,0.4,1,0,0.2,0.6,0.1,0
93,Cédric Soares,18,Southampton,30,"D(LR),M(R)",30,2520,3,1.3,41.9,74,1.4,2.6,0,6.96,0,0,7,0,0.7,0.9,1,0.4,0.6,0.1,0.8,0.9,2.8,1.1,0.7,0.1,2.5,0.7,0.2,0
94,Granit Xhaka,13,Arsenal,29,"D(L),M(C)",28,2486,2,1.1,71.8,89.5,0.2,5.7,0.2,6.96,4,2,5,2,1.1,1.1,0,0.6,0.6,0,0.7,0.6,2.4,1.3,1.2,0,1,1.3,0.2,0
95,Xherdan Shaqiri,96,Stoke,30,M(CLR),21,1709,2,2,29,78.7,1.7,1.8,0.3,6.96,0,4,2,0,2.3,0.1,1,1.8,1.3,0.2,2.1,2.7,0.5,0.4,0.8,0,0.1,0.9,0,0
96,Georginio Wijnaldum,26,Liverpool,30,M(CLR),33,2978,9,1.2,45.1,87.3,0.1,1.6,0.1,6.95,3,6,2,0,1.7,1.1,0,0.8,0.8,0.1,1.5,1.3,1.3,0.7,0.6,0,0.9,0.9,0.1,0
97,Joe Allen,96,Stoke,31,M(C),34,2936,2,0.8,35.7,81.3,0.4,1.3,0.1,6.95,2,6,9,0,1.1,0.6,2,1,1.6,0,1.8,2,2.4,1.8,0.8,0.1,0.9,1.1,0.2,0
98,Simon Francis,183,Bournemouth,36,D(CR),34,2941,1,0.6,48.7,79.6,0.4,4.2,0,6.94,0,0,4,1,0.2,3.4,0,0.5,0.5,0,0.4,0.4,1.8,1.6,0.8,0.7,6.4,0.6,0.6,0
99,Craig Dawson,175,West Brom,31,D(CR),37,3278,0,0.6,27.5,63.1,0.4,1.9,0,6.94,0,4,10,0,0.6,3.5,2,0.4,1,0.1,0.4,0.8,1.6,1.6,1.4,0.3,4,0.7,0.8,0
100,Patrick van Aanholt,16,Sunderland,31,"D(L),M(L)",20,1784,1,1.4,33.3,77.6,0.7,1.7,0,6.94,1,3,2,0,1.1,0.2,0,1.3,0.7,0.3,0.4,1,1.7,2,0.6,0.1,2.3,0.8,0.3,0
101,Petr Cech,13,Arsenal,39,GK,35,3098,0,0,24.1,55.8,0,6.2,0,6.94,0,0,2,0,0,0.1,0,0.1,0.1,0,0,0,0,0,0.1,0,0.5,0,0,1
102,Antonio Barragán,21,Middlesbrough,34,"D(CR),M(R)",26,2196,0,0.3,39.5,79.9,0.7,2.4,0,6.94,0,0,5,0,0.1,0.8,1,0.6,0.8,0,0.3,0.8,2.8,2.3,1,0.3,2.7,0.9,0.5,0
103,Anthony Martial,32,Man Utd,25,"AM(LR),FW",18,1558,6,1,24.3,81.3,0.3,0.5,0,6.94,7,4,2,0,1.7,0.8,3,1.8,1.1,0.2,1.6,1.6,0.7,0.4,1,0,0.4,0.4,0,0
104,Eric Dier,30,Tottenham,27,"D(CR),DMC",34,3045,0,0.4,55,86.7,0.1,5.2,0,6.93,2,2,6,0,0.6,2,1,0.1,0.5,0.1,0.4,0.3,1.3,1,0.7,0.5,4.1,0.5,0.5,0
105,Peter Crouch,96,Stoke,40,FW,13,1336,2,0.6,18.4,59.1,0,0.3,0,6.93,14,7,3,0,1.4,6.3,2,0.3,0.7,0.3,1.3,1.6,0.1,0.1,1,0,1,0.3,0.1,0
106,Charlie Daniels,183,Bournemouth,35,"D(L),M(L)",34,3060,3,0.9,47.5,81.7,0.6,1.8,0.1,6.93,0,4,1,0,0.6,1,1,0.9,0.7,0,0.7,0.9,1.7,1.5,0.4,0.3,2.3,0.9,0.4,0
107,Junior Stanislas,183,Bournemouth,31,M(CLR),18,1476,5,1,29.3,79.8,0.6,1,0.2,6.93,3,7,1,0,2,0.7,1,0.6,0.3,0.2,0.6,1.2,0.7,0.4,0.4,0,0.7,0.6,0.2,0
108,José Holebas,27,Watford,37,"D(CL),M(L)",33,2910,4,1.1,35.1,74.9,1,1.4,0,6.93,0,2,14,0,0.8,1.4,1,1.3,0.7,0,1.2,1.1,1.8,1.7,1.3,0.2,3.5,0.7,0.3,0
109,Kyle Naughton,259,Swansea,32,"D(CLR),M(R)",31,2718,0,0.7,44.9,77.4,0.7,2.9,0,6.93,0,1,5,0,0.6,2.1,1,0.8,0.7,0,1,0.6,2.5,1.3,0.8,0.3,3.7,1.5,0.5,1
110,Riyad Mahrez,14,Leicester,30,AM(CLR),33,2837,3,1.4,29.6,77.6,0.7,1.4,0.1,6.91,3,6,4,0,2.1,0.6,2,2.2,1.8,0.2,1.7,1.8,1,0.8,0.7,0,0.4,1.5,0.1,0
111,Álvaro Negredo,21,Middlesbrough,36,FW,33,2880,4,0.7,23.9,66.9,0,1.4,0,6.91,3,9,5,0,1.9,4.9,2,0.5,0.9,0.5,0.9,1.9,0.5,0.3,1.3,0,1.8,0.5,0.1,0
112,Marouane Fellaini,32,Man Utd,33,M(C),18,1600,0,0.6,37.8,86,0,0.9,0,6.91,10,1,9,1,0.8,3.4,0,0.5,0.7,0.1,0.8,0.8,2,1,1.5,0,1.9,1.2,0.2,0
113,Curtis Davies,214,Hull,36,D(C),25,2139,2,0.1,33,82.9,0,1.3,0,6.91,1,0,4,0,0.4,2.9,2,0.2,0.8,0,0.1,0.3,1.5,3.5,0.5,0.2,6.7,0.4,1.3,1
114,Ryan Shawcross,96,Stoke,34,D(C),35,3150,1,0.1,28.4,71.3,0,2.7,0,6.90,0,1,6,0,0.6,3.7,1,0.3,0.6,0.1,0.1,0.1,1.3,1.7,1,0.6,6.5,0.4,0.9,2
115,Jason Puncheon,162,Crystal Palace,35,M(CLR),35,3096,5,1.7,40.7,81.2,1.3,2.2,0,6.90,1,0,9,0,1.3,0.7,1,1.1,1,0,1.5,1.5,2.1,1,1.7,0,1,1,0.2,0
116,Gabriel Paulista,13,Arsenal,30,D(CR),15,1516,0,0.2,45.9,87,0.1,1.3,0,6.90,4,0,6,0,0.5,2.6,0,0.5,0.6,0,0.3,0.5,1.3,1.6,1.1,0.5,4.5,0.5,0.5,0
117,Henrikh Mkhitaryan,32,Man Utd,32,"M(CLR),FW",15,1352,1,1.2,32.2,84.1,0.4,1.3,0.2,6.90,9,4,1,0,1.4,0.4,1,1.2,1.1,0.3,1.8,1.3,1,0.9,0.8,0,0.5,0.9,0,0
118,Chris Brunt,175,West Brom,36,"D(L),M(CLR)",27,2479,4,1.3,29.4,73.3,1.4,2.9,0.1,6.90,4,3,5,0,1.2,0.9,2,0.6,0.3,0.1,0.5,0.7,1.1,1.1,0.5,0.1,1.7,0.8,0.1,0
119,Lee Grant,96,Stoke,38,GK,28,2520,0,0,31.5,57.7,0,12.1,0,6.89,0,0,1,0,0,0.4,2,0,0.1,0,0,0,0,0,0,0,1.2,0,0,0
120,Willian,15,Chelsea,33,AM(CLR),15,1531,2,1.5,22.8,83.5,1,0.9,0.1,6.89,19,8,3,0,1.3,0,2,1.5,0.7,0.1,1,0.9,0.6,0.2,0.4,0,0.1,0.3,0,0
121,Younes Kaboul,27,Watford,35,D(C),22,1825,0,0.1,31.1,68.3,0,3.6,0,6.89,0,2,2,0,0.5,2.8,1,0.4,0.2,0,0.5,0.5,1.6,2.1,0.9,0.7,5.6,0.8,0.6,0
122,Erik Pieters,96,Stoke,33,"D(L),M(L)",35,3151,1,0.5,37,75.8,0.6,1.6,0,6.88,1,0,4,0,0.3,1.5,0,0.4,1.6,0,0.6,0.7,2.9,1.5,1.7,0.2,3.1,0.9,0.6,0
123,Tom Heaton,184,Burnley,35,GK,35,3150,0,0.1,32.2,41,0,10.8,0,6.88,0,0,1,0,0,0.2,2,0,0,0,0,0,0,0,0,0,0.4,0,0,0
124,Stephen Ward,184,Burnley,36,"D(L),M(L)",37,3233,1,0.6,30.5,68.5,0.7,3,0,6.88,0,1,5,0,0.2,1.7,0,0.4,1.5,0,0.5,0.6,1.9,2,0.9,0.1,4.2,0.8,0.4,0
125,James Collins,29,West Ham,38,D(C),19,1654,0,0.2,26.4,78.4,0,2.3,0,6.87,3,2,3,0,0.5,2.7,1,0,0.3,0,0,0.1,1,1.7,0.3,0.4,6.7,0.6,0.8,0
126,Pedro Obiang,29,West Ham,29,DMC,21,1767,1,0.3,41.4,81.4,0,3.1,0.1,6.86,1,1,7,0,0.4,1,2,1,1.8,0,0.7,0.6,2.8,1.5,1.2,0,1.3,1.3,0.3,0
127,Billy Jones,16,Sunderland,34,"D(CLR),M(R)",25,2271,0,1.1,26,69.1,0.4,1.2,0,6.86,2,1,8,0,0.6,3.6,0,0.4,0.5,0,0.5,0.9,2,1.7,0.9,0.1,3.5,1.4,0.6,0
128,Ryan Bertrand,18,Southampton,32,"D(CL),M(L)",28,2508,4,1,46.7,83.4,0.5,1.3,0,6.86,0,2,3,0,0.7,1.5,0,0.5,1.3,0.1,0.5,1.4,1.3,1.6,0.9,0.1,1.6,0.5,0.4,0
129,Kevin Mirallas,31,Everton,34,"M(CLR),FW",23,2081,6,1.2,20.5,82.9,1,1.1,0.1,6.86,12,4,2,0,1.8,0.5,1,1.4,0.7,0.1,1,1.3,0.5,0.2,0.8,0,0.3,0.5,0,0
130,Federico Fernández,259,Swansea,32,D(C),27,2430,2,0.1,42,81.7,0,3.7,0,6.85,0,0,7,0,0.6,2.6,0,0.1,0.6,0,0.1,0.2,1.6,1.8,1,1,6.9,0.9,0.7,0
131,Bruno Martins Indi,96,Stoke,29,D(CL),35,3147,0,0.1,31.9,86.7,0,2,0,6.85,0,1,5,0,0.5,1.7,2,0.2,0.3,0.1,0.1,0.2,1.7,1.7,0.7,0.6,6,0.5,0.6,0
132,Marc Albrighton,14,Leicester,31,M(LR),29,2425,6,1.4,26.5,63.7,1.3,1.7,0.1,6.85,4,2,5,0,0.6,0.2,1,1.5,0.6,0.1,0.8,1.2,1.5,1.1,0.6,0,0.9,1.5,0.1,0
133,Etienne Capoue,27,Watford,33,"D(C),M(CL)",37,3213,1,1,40.1,82.9,0.9,2.4,0,6.85,0,7,5,0,1.4,0.9,2,0.9,1.2,0,1,1.1,1.6,1.6,1.4,0,0.7,1.2,0.2,0
134,Kasper Schmeichel,14,Leicester,34,GK,30,2667,0,0,29.6,39.9,0,10.3,0,6.84,0,0,1,0,0,0.4,1,0.1,0.1,0,0,0,0.1,0,0,0,0.9,0.1,0,0
135,Adam Smith,183,Bournemouth,30,"D(LR),M(LR)",34,3099,5,0.8,40.3,84.7,0.4,1,0,6.84,2,1,6,0,0.7,0.9,1,1,1.9,0.1,0.6,1.7,2.4,1.5,1.3,0.2,2,1.3,0.4,1
136,Gastón Ramírez,21,Middlesbrough,30,"AM(CLR),FW",20,1550,3,1.3,26,75.8,1,1.2,0.2,6.84,4,2,8,1,1.3,0.6,3,2,1.2,0,1.6,2.3,1.9,0.6,1.5,0,0.5,2.1,0.1,0
137,Leroy Fer,259,Swansea,31,M(CL),27,2405,2,0.5,36.1,82.2,0.1,2.8,0.1,6.84,7,6,9,0,1.1,2.2,1,1.1,1.5,0,1.4,0.9,1.6,0.7,1.4,0,1.4,1,0.2,0
138,Troy Deeney,27,Watford,33,FW,31,2942,4,1.1,22.7,58.5,0.1,0.4,0,6.84,6,10,7,0,1.1,5.2,2,0.4,0.7,0.5,1,1.8,0.5,0.4,1.2,0,1.4,0.3,0.1,1
139,Gareth Barry,31,Everton,40,M(C),23,2114,1,0.8,41.7,79.4,0.2,3,0.1,6.84,10,2,10,0,0.5,1,1,0.4,0.7,0,0.6,0.3,2.1,1.1,1.5,0,1.7,0.9,0.7,0
140,Sam Vokes,184,Burnley,31,FW,21,2055,3,0.4,16.2,50.4,0,0.2,0,6.84,16,10,0,0,1.5,5.7,4,0.2,0.8,0.6,0.9,1.1,0.2,0.1,0.6,0,0.8,0.3,0.2,0
141,Marko Arnautovic,96,Stoke,32,"AM(CLR),FW",32,2725,5,1.6,26.9,75.4,0.9,0.6,0.1,6.84,0,6,9,1,1.9,0.4,1,1.9,1,1,1.3,2.5,1,0.8,1.3,0,0.6,1.1,0.1,0
142,Fábio,21,Middlesbrough,31,"D(LR),M(R)",21,1849,0,0.7,29.6,71,0.6,1,0,6.83,3,0,8,0,0.2,1.8,0,0.8,0.8,0.2,0.6,0.5,2.6,1.5,1.2,0.3,2.8,0.7,0.3,0
143,Jamie Vardy,14,Leicester,34,"AM(L),FW",33,2810,5,0.9,15.1,62.5,0.2,0.3,0,6.83,2,13,2,1,1.5,2.6,3,0.5,0.8,0.7,0.7,1.7,0.4,0.2,0.7,0,0.3,0.3,0,0
144,Ben Gibson,21,Middlesbrough,28,D(CL),38,3420,1,0.1,44.3,84.6,0,3.9,0,6.82,0,1,4,0,0.4,1.6,0,0.4,0.4,0,0.2,0.2,0.8,1.5,0.5,0.6,6.2,0.2,0.8,0
145,Joel Ward,162,Crystal Palace,31,"D(LR),DMC,M(R)",38,3418,1,0.3,34.1,73.6,0.4,2.4,0,6.82,0,0,7,0,0.4,1.6,2,0.5,1.4,0,0.9,1,2.3,1.6,1,0.2,3.5,0.5,0.3,0
146,Ramiro Funes Mori,31,Everton,30,"D(C),DMC",16,1539,1,0.2,34.5,79.5,0,3.9,0,6.82,7,0,0,0,0.5,2,0,0.3,0.6,0,0.2,0.1,1.1,1.3,0.4,0.3,4.8,1.1,0.3,0
147,Jack Wilshere,183,Bournemouth,29,M(CLR),22,1916,2,1.3,38.7,83.4,0.2,2.3,0.3,6.82,5,0,3,0,1,0.3,0,2.1,1.8,0,1.3,1.4,0.9,0.4,0.7,0,0.4,0.7,0.2,0
148,Robert Huth,14,Leicester,37,D(C),33,2929,2,0.2,21.3,71.4,0,1,0,6.81,0,2,9,0,0.8,2.8,0,0,0.5,0,0.1,0.2,0.8,1.3,1.4,0.6,6.7,0.2,1.1,2
149,Olivier Giroud,13,Arsenal,35,FW,11,1198,3,0.6,12.7,71.5,0,0.1,0,6.81,18,12,2,0,1.3,1.7,1,0.1,0.4,0.4,0.7,1.3,0.5,0.2,0.7,0,0.6,0.4,0.1,0
150,Héctor Bellerín,13,Arsenal,26,"D(R),M(R)",27,2500,4,0.8,42.2,84.6,0.3,0.6,0.1,6.81,6,1,4,0,0.7,1,0,1.4,0.4,0,1.3,1.2,0.7,1.1,0.6,0.2,1.4,0.5,0.2,0
151,Wayne Rooney,32,Man Utd,35,"M(CLR),FW",15,1540,5,1.4,31.2,84.2,1,2.5,0.1,6.80,10,5,8,0,2.1,0.5,0,0.5,0.4,0.3,1.5,0.9,0.8,0.6,0.9,0,0.4,0.9,0.1,0
152,Nathaniel Clyne,26,Liverpool,30,"D(LR),M(R)",37,3324,2,1.2,48.5,83.3,0.5,1.2,0,6.80,0,0,0,0,0.7,0.4,0,0.6,0.5,0,0.5,0.7,2.2,1.2,0.4,0.4,1.5,0.6,0.1,0
153,Francis Coquelin,13,Arsenal,30,M(CLR),22,1786,0,0.5,40.7,87.8,0,1.1,0,6.80,7,0,5,0,0.5,1.2,1,0.6,1.4,0,1,1.1,2.5,1.8,1.1,0,1.1,1.2,0.3,0
154,Adam Clayton,21,Middlesbrough,32,M(C),32,2806,2,0.6,42.6,87.4,0.2,3.3,0,6.80,2,0,10,0,0.3,0.6,1,0.6,1.2,0,0.7,0.6,2.3,1.9,1.5,0,1.2,1.7,0.6,0
155,Glen Johnson,96,Stoke,37,"D(CLR),M(R)",21,1955,0,0.5,32.1,79,0.3,2.5,0,6.79,2,0,1,0,0.3,0.9,0,1.2,0.8,0,0.7,1.3,2.1,1.7,0.5,0.4,2.8,1.1,0.5,0
156,Heurelho Gomes,27,Watford,40,GK,38,3339,0,0,27.2,48.8,0,8.1,0,6.79,0,0,1,0,0,0.3,0,0,0.1,0,0,0.1,0,0.1,0,0,1.5,0,0,1
157,Pierre-Emile Højbjerg,18,Southampton,26,M(C),14,1299,0,0.7,45.5,88.2,0.4,2.1,0,6.79,8,0,2,0,1.3,0.8,1,0.7,1.4,0,1.1,1,2,1.5,0.9,0,1.1,1.3,0.2,0
158,Danny Drinkwater,14,Leicester,31,DMC,27,2467,1,0.5,60.2,77.4,0.1,3.7,0,6.78,2,1,6,0,1.1,1.3,0,0.7,0.3,0,1.2,1.2,2.9,1.3,1.6,0,1.8,1.6,0.4,0
159,Yohan Cabaye,162,Crystal Palace,35,M(C),25,2133,3,1.1,30.7,80.3,0.9,1.8,0,6.78,7,4,7,0,1.3,0.3,0,0.4,0.7,0.1,0.6,0.7,1.9,2.2,1,0,0.7,1.9,0.2,0
160,John Stones,167,Man City,27,D(CR),23,2013,0,0.1,54.4,91.7,0,2.3,0,6.78,4,0,1,0,0.5,1.8,1,0.8,0.3,0,0.1,0.3,1,1.4,0.3,0.6,4.2,0.3,0.5,0
161,Marc Pugh,183,Bournemouth,34,AM(CL),16,1333,2,0.9,23.7,81.3,0.2,0.7,0.1,6.77,5,2,1,0,0.9,1,2,1.5,1,0,1.5,1.2,1,0.6,0.3,0,1,0.9,0.1,0
162,Steven Defour,184,Burnley,33,DMC,16,1080,3,1.1,24.8,80.2,1.1,2.1,0,6.77,5,1,1,0,0.4,0,2,0.7,0.4,0.1,0.4,0.8,0.9,1.5,0.7,0,0.5,1,0.2,0
163,Hugo Lloris,30,Tottenham,34,GK,34,3005,0,0.1,31.2,72.3,0,7.1,0,6.77,0,0,0,0,0,0.2,1,0,0.1,0,0,0,0,0,0,0,0.9,0,0,0
164,Allan-Roméo Nyom,175,West Brom,33,"D(LR),M(R)",29,2639,2,0.3,23,70.7,0.5,1.3,0,6.76,3,0,8,0,0.2,0.7,0,0.9,0.6,0.1,0.6,0.9,2.3,1.9,1.6,0.2,3.2,0.6,0.3,0
165,James Tomkins,162,Crystal Palace,32,D(CR),23,1978,0,0.1,30.3,76.9,0.1,3.2,0,6.76,1,3,4,0,0.6,2.4,0,0.1,0.4,0,0.1,0.3,1.2,1.5,0.5,0.3,5.2,0.7,0.5,0
166,Miguel Britos,27,Watford,36,D(CL),27,2285,2,0.3,38,68.7,0.1,3.5,0,6.75,0,1,6,2,0.7,3.2,1,0.1,0.9,0.1,0.2,0.2,1.3,1.8,1.3,0.6,5.3,0.8,0.7,0
167,Scott Dann,162,Crystal Palace,34,D(C),19,1744,1,0.3,26.3,74,0,2.7,0,6.75,4,3,2,0,0.9,3,0,0.1,0.6,0,0.1,0.1,0.7,1.3,0.6,0.5,4.4,0.3,0.8,0
168,Lamine Koné,16,Sunderland,32,D(C),29,2545,0,0.1,26.2,68.7,0,1.7,0,6.75,1,1,4,0,0.6,2.6,2,0.5,0.3,0.1,0.3,0.4,1,1.5,0.5,0.5,6.6,0.2,0.7,0
169,Thibaut Courtois,15,Chelsea,29,GK,36,3240,0,0,22,66.2,0,4.8,0,6.74,0,0,1,0,0,0.2,0,0,0.1,0,0,0,0,0,0,0,0.6,0,0,0
170,Pablo Zabaleta,167,Man City,36,"D(R),DMC,M(R)",11,1060,1,0.6,28.7,82.9,0.1,0.8,0,6.74,9,1,2,0,0.4,1.2,1,0.4,0.8,0.3,0.3,0.4,2.1,1.2,0.7,0.2,2.1,0.7,0,0
171,Sofiane Boufal,18,Southampton,28,"AM(CLR),FW",12,1103,0,1,21.2,76.8,0.2,0.7,0,6.73,12,1,5,0,1,0.4,0,3,0.9,0,2.3,1.9,1.6,0.2,1,0,0.1,0.8,0,0
172,Claudio Yacob,175,West Brom,34,DMC,27,2418,0,0.2,28.3,82.4,0,1.5,0,6.73,6,0,9,0,0.3,1.4,0,0.1,1,0,0.4,0.5,2.8,1.6,1.2,0.1,1.8,1.4,0.5,0
173,Alex Iwobi,13,Arsenal,25,M(CLR),18,1463,3,1,34.5,87.5,0.2,0.7,0.1,6.72,8,3,1,0,1.5,0.2,1,1.1,0.5,0.1,1,0.9,0.7,0.3,0.3,0,0.2,0.4,0.2,0
174,Jake Livermore,214,Hull,31,"D(C),DMC",20,1673,1,0.4,51.2,84.9,0,4.5,0.1,6.72,1,1,3,1,1,1,0,0.8,0.5,0,0.8,1,2.3,1.4,0.8,0,2.1,0.6,0.6,0
175,Dusan Tadic,18,Southampton,32,"AM(CLR),FW",30,2427,5,2,32.2,79.3,1.4,0.7,0.3,6.72,3,3,4,0,1.9,0.1,0,0.9,1.2,0.3,2.2,1.7,0.6,0.5,0.9,0,0.3,0.6,0.1,0
176,Danny Simpson,14,Leicester,34,D(R),34,2990,2,0.3,31.2,69,0.3,1.8,0,6.72,1,0,12,0,0.1,1.5,0,0.2,0.3,0.1,0.1,0.4,1.4,1.9,1,0.3,4.1,0.4,0.3,0
177,Harry Arter,183,Bournemouth,31,M(C),33,2959,4,0.9,57.3,88.2,0.1,4.8,0.1,6.72,2,1,11,1,1.5,0.1,2,0.7,1.3,0,0.6,0.9,2.4,1.4,1,0.1,0.9,2.1,0.4,0
178,Simon Mignolet,26,Liverpool,33,GK,28,2520,0,0,28.8,61.5,0,5.3,0,6.72,0,0,0,0,0,0.7,0,0.1,0.2,0,0,0,0,0,0,0,1,0,0,0
179,Aaron Ramsey,13,Arsenal,30,M(CLR),13,1231,4,1,40,88.4,0.1,1.1,0.1,6.72,10,1,3,0,1.8,0.3,1,0.9,0.9,0.1,1,1,0.9,0.5,0.7,0,0.6,1,0.1,0
180,Ryan Fraser,183,Bournemouth,27,"M(CLR),FW",19,1769,5,1.1,23.9,79,0.8,0.6,0,6.71,9,3,3,0,0.9,0.2,1,0.7,2.3,0.1,0.9,0.9,0.5,0.4,0.6,0,0.5,0.5,0,0
181,Angelo Ogbonna,29,West Ham,33,D(C),20,1756,0,0.3,40.3,81.2,0.1,2.6,0,6.70,0,0,2,0,0.2,2.2,0,0.2,0.2,0,0.3,0.4,1.4,1.9,0.7,0.8,4.8,0.2,0.7,0
182,Lukasz Fabianski,259,Swansea,36,GK,37,3330,0,0,25.1,59.5,0,9,0,6.70,0,0,1,0,0,0.4,2,0,0.1,0,0,0,0.1,0,0,0,0.5,0.1,0,0
183,Charlie Adam,96,Stoke,35,M(C),17,1495,3,1.2,36.2,68.9,1.1,4,0.1,6.70,7,1,7,0,1.7,1.4,0,0.5,1.1,0,0.8,0.9,0.8,0.9,1.7,0,1,1.1,0.3,0
184,James Ward-Prowse,18,Southampton,26,M(CR),22,1885,4,1.4,32.2,83.1,1.3,0.8,0,6.69,8,4,4,0,1.4,0.7,0,0.2,0.6,0,1.1,0.7,1,0.6,0.9,0.1,1.1,0.8,0.1,0
185,Jesse Lingard,32,Man Utd,28,"AM(CLR),FW",18,1369,2,1.2,29,87.9,0.3,0.7,0.2,6.69,7,1,3,0,1.5,0.2,1,0.8,0.8,0.2,0.8,1.1,0.7,0.6,1,0,0.3,0.4,0,0
186,Islam Slimani,14,Leicester,33,FW,13,1280,4,0.7,18.4,70.7,0,0.4,0,6.69,10,7,1,0,1.5,2.3,0,0.4,0.6,0.5,0.9,1.6,0.5,0.1,1.2,0,0.1,0.7,0.1,0
187,Steven Davis,18,Southampton,36,M(CLR),29,2644,3,1,53.6,86.2,0.3,3.6,0.1,6.68,3,0,3,0,1,0.3,0,0.6,0.4,0,1.3,0.8,1.7,0.7,0.6,0,1.4,1.2,0.3,0
188,Lucas Leiva,26,Liverpool,34,"D(C),M(C)",12,1105,3,0.3,36.8,83.9,0.1,2.5,0,6.68,12,0,4,0,0.3,2.2,0,0.1,0.5,0,0.3,0.3,1.5,1.5,0.8,0.1,2.5,0.8,0.2,0
189,Artur Boruc,183,Bournemouth,41,GK,35,3150,0,0,25.4,55.2,0,6.7,0,6.68,0,0,2,0,0,0.3,1,0,0.2,0,0,0,0,0,0,0,0.7,0.1,0,0
190,Michael Carrick,32,Man Utd,40,"D(C),M(C)",18,1603,0,0.5,54.9,89,0,3.4,0.1,6.68,5,0,2,0,0.3,0.4,0,0.3,0.8,0,0.2,0.4,1.1,1.8,0.2,0.1,1.7,0.9,0.3,0
191,Tom Davies,31,Everton,23,M(C),18,1544,3,0.5,32.6,82.8,0,1.3,0.2,6.68,6,2,4,0,0.6,0.4,1,0.6,1.5,0.2,1.2,1.7,1.5,0.8,1,0,0.4,1.4,0.2,0
192,Nacer Chadli,175,West Brom,32,"M(CLR),FW",27,2150,5,1.1,21.4,80.4,0.6,0.7,0.1,6.68,4,5,2,0,1.5,0.6,0,0.6,0.5,0.1,1.4,1.1,0.9,0.7,0.5,0,0.3,0.9,0.1,0
193,Ragnar Klavan,26,Liverpool,35,D(C),15,1408,0,0.2,46.9,88.4,0.1,2.5,0.1,6.68,5,0,3,0,0.2,1.9,0,0.3,0.4,0,0.1,0.2,1.3,0.7,0.8,0.8,4.6,0.4,0.5,0
194,James McArthur,162,Crystal Palace,34,M(CLR),24,2010,3,0.6,29.3,78.5,0.3,1.4,0,6.67,5,5,5,0,0.8,1.1,0,0.6,0.9,0.1,1.7,1,2.1,0.9,1.4,0,0.8,0.9,0.2,0
195,Andrew Robertson,214,Hull,27,"D(L),M(L)",31,2737,2,0.6,37.3,76,0.6,2.4,0,6.67,2,1,5,0,0.2,0.3,0,0.8,0.3,0,0.6,0.5,1.6,1.7,0.5,0.3,2.3,0.7,0.5,0
196,Sam Clucas,214,Hull,31,"D(L),M(CL)",36,3190,1,0.4,41.6,83.2,0.4,2.4,0,6.67,1,3,9,1,1.1,1.1,1,0.8,0.7,0,1.1,0.6,2.4,1.4,0.6,0,1.8,1.4,0.2,0
197,Daniel Sturridge,26,Liverpool,32,"M(R),FW",7,769,1,0.7,13.9,74.4,0.1,0.7,0.1,6.67,13,3,1,0,2,0.2,0,0.9,0.4,0.4,0.9,1.2,0,0.1,0.3,0,0,0.1,0.1,0
198,Víctor Valdés,21,Middlesbrough,39,GK,28,2520,0,0,31.7,53.2,0,10.5,0,6.66,0,0,1,0,0,0.2,2,0,0.1,0,0,0.1,0,0.1,0,0,1,0,0,0
199,Eldin Jakupovic,214,Hull,37,GK,22,1980,0,0,28.9,46.4,0,7,0,6.66,0,0,0,0,0,0.3,2,0,0.1,0,0,0.1,0,0,0,0,0.9,0.1,0,0
200,Wes Morgan,14,Leicester,37,D(C),27,2430,0,0.1,24.2,67.7,0,1.2,0,6.66,0,1,3,0,0.5,2.4,0,0.1,0.3,0,0.1,0.3,1,2,0.7,0.7,5.2,0.3,0.9,0
201,Ben Foster,175,West Brom,38,GK,38,3420,0,0.1,29.4,40.2,0,9.4,0,6.65,0,0,2,0,0,0.2,1,0,0.1,0,0,0.1,0,0,0,0,0.6,0,0,0
202,Salomón Rondón,175,West Brom,32,FW,32,2896,2,0.7,19,66.1,0,0.6,0.1,6.65,6,8,2,0,2.5,2.8,2,0.7,1.6,0.8,2.8,2.5,0.4,0.2,1.1,0,1.1,0.4,0.1,0
203,Wayne Hennessey,162,Crystal Palace,34,GK,29,2610,0,0.1,27.9,47.2,0,10.6,0,6.65,0,0,1,0,0,0.2,0,0,0.1,0,0,0,0,0,0,0,0.5,0,0,0
204,Nordin Amrabat,27,Watford,34,"M(CLR),FW",25,2101,3,1,23.3,75.3,0.9,1.1,0,6.64,4,0,4,0,1,0.1,1,2.1,1.2,0.1,1.9,1.2,1.6,0.8,1.6,0,0.4,1.1,0.1,0
205,Didier Ndong,16,Sunderland,27,DMC,27,2519,0,0.5,32.5,83.2,0.2,1.8,0,6.64,4,1,5,0,0.5,0.7,0,0.7,0.9,0.1,1.2,1.6,2.6,1.6,1.2,0,1.2,1.4,0.3,0
206,Jonathan Walters,96,Stoke,38,"M(CLR),FW",13,1296,2,0.5,14.4,57.1,0.3,0.2,0,6.64,10,4,1,0,1.1,2.9,0,0.3,1,0.5,1,1,0.3,0.2,0.6,0,1.1,0.2,0.2,0
207,Stefano Okaka,27,Watford,32,FW,10,955,0,0.7,12.1,67,0,0.4,0.1,6.63,9,4,5,0,1.4,2.1,1,1.2,1.2,0.6,1.4,2.3,0.6,0.1,1.6,0,0.5,0.4,0.1,0
208,Mame Biram Diouf,96,Stoke,33,"M(LR),FW",15,1382,2,0.4,13.4,64.2,0.2,0.4,0,6.63,12,1,3,0,0.7,3,0,0.6,0.9,0.4,0.7,1.1,1.3,0.7,1,0,1.4,0.4,0.1,0
209,Sebastian Prödl,27,Watford,34,D(C),32,2775,1,0.3,32.4,76.4,0,3.4,0,6.62,1,1,10,1,0.7,1.9,0,0.1,0.7,0,0,0.2,1.1,1.6,1.3,0.7,5.5,0.3,1,0
210,Marten de Roon,21,Middlesbrough,30,DMC,32,2777,0,0.3,40,79.2,0.1,2.2,0,6.62,1,4,8,0,0.9,2,0,0.2,0.7,0.1,0.6,0.8,2.2,1.3,2,0,1.9,2.2,0.3,0
211,Ashley Barnes,184,Burnley,31,"AM(CL),FW",20,1779,2,0.8,16,55,0,0.3,0.1,6.62,8,6,6,1,1.6,3.6,0,0.2,2.7,0.8,1.6,2.1,0.8,0.1,1.9,0,0.9,0.5,0.3,0
212,Jack Rodwell,16,Sunderland,30,"D(C),M(C)",17,1493,1,0.4,28.6,78.1,0,1.4,0.1,6.62,3,0,4,0,1,1.7,0,0.5,0.6,0.1,0.5,0.2,1.9,1,1.2,0.1,2.6,0.6,0.4,0
213,Andy King,14,Leicester,32,M(C),15,1445,0,0.3,28,79.2,0.1,1.4,0,6.61,8,1,4,0,0.6,1.1,1,0.2,0.7,0,0.4,0.7,1.7,1.2,0.8,0,1.4,0.9,0.5,0
214,Adam Forshaw,21,Middlesbrough,30,M(C),30,2700,1,0.8,39.8,88.3,0.3,2.9,0.1,6.61,4,0,4,0,0.8,0.5,0,0.6,0.9,0,1,1,1.8,1,1,0,0.6,1.5,0.1,0
215,Darren Randolph,29,West Ham,34,GK,22,1980,0,0,28.4,50.7,0,10.6,0,6.61,0,0,1,0,0,0.2,0,0,0.1,0,0,0,0,0,0,0,0.6,0,0,0
216,Cristhian Stuani,21,Middlesbrough,35,"AM(CLR),FW",16,1362,0,0.3,16.7,68,0.2,0.5,0,6.61,7,4,4,0,0.9,2,1,0.6,1.3,0.2,1.6,1.3,1.5,0.4,0.9,0,0.6,1.1,0.1,0
217,Michael Dawson,214,Hull,37,D(C),19,1721,0,0.2,29.8,81.3,0,2.3,0,6.60,3,3,4,0,0.5,2.1,0,0.1,0.3,0,0,0.3,0.7,1.4,0.6,0.3,5.9,0.2,1.5,1
218,Jack Cork,259,Swansea,32,DMC,25,2233,0,0.4,42.9,83.5,0.1,2.5,0,6.60,5,0,7,0,0.6,1.2,0,0.8,1.1,0,1.3,0.9,2,1.9,0.8,0,1.6,1.5,0.3,2
219,George Boyd,184,Burnley,36,M(CLR),33,2845,1,0.4,15.3,73.1,0.2,0.4,0,6.60,3,2,3,0,1,0.6,0,0.5,0.8,0.2,0.9,1.3,2.4,0.9,0.9,0,1,1.6,0.2,0
220,Sofiane Feghouli,29,West Ham,31,M(CR),11,1040,3,0.9,17.9,71.5,0.9,1.2,0,6.60,10,3,1,1,1,0.4,0,0.9,0.9,0,0.7,0.9,0.9,0.7,0.5,0,0.4,0.2,0,0
221,Glenn Whelan,96,Stoke,37,DMC,26,2278,1,0.7,47,84.5,0.3,3.7,0,6.60,4,0,5,0,0.2,0.9,0,0.3,0.7,0,0.6,0.7,1.5,1.2,0.6,0.1,1.5,1.3,0.7,1
222,Nolito,167,Man City,35,AM(CL),9,779,2,0.7,20.5,82.1,0.2,0.5,0.1,6.59,10,4,3,1,1.7,0.4,0,0.5,0.5,0.2,0.7,0.7,0.8,0.3,0.9,0,0.2,0.7,0,0
223,Jóhann Gudmundsson,184,Burnley,30,AM(CLR),10,997,2,0.8,14.8,69.6,1.1,0.8,0,6.59,10,1,1,0,0.9,0.7,0,0.3,0.5,0.1,0.6,0.6,1,0.9,0.2,0,1,0.5,0.2,0
224,André Ayew,29,West Ham,31,"M(CLR),FW",16,1442,3,0.6,17.2,79.1,0,0.3,0,6.58,9,6,1,0,1.4,0.8,1,0.5,1.1,0.2,0.9,0.9,0.7,0.4,0.6,0,0.4,0.4,0,0
225,Marcus Rashford,32,Man Utd,23,"AM(CLR),FW",16,1703,1,0.7,17,78.7,0.4,0.3,0,6.58,16,5,3,0,1.4,0.1,0,1.2,1,0.3,1.2,1.5,0.5,0.4,0.5,0,0.2,0.3,0,0
226,Mark Noble,29,West Ham,34,M(C),29,2399,0,0.8,47.8,86.1,0.1,4.2,0,6.58,1,3,10,0,0.8,0.1,0,0.5,1.4,0,0.8,0.7,1.6,1.3,0.9,0,0.4,1.4,0.2,0
227,Jermain Defoe,16,Sunderland,39,"AM(R),FW",37,3323,2,0.5,12.3,79.3,0.1,0.2,0,6.58,0,15,1,0,2.7,0.1,0,0.7,0.8,1,1.1,1.7,0.5,0.1,0.6,0,0.1,0.3,0.1,0
228,Ahmed El Mohamady,214,Hull,34,"D(R),M(R)",28,2520,2,0.8,41.6,77,0.6,2.1,0,6.58,5,0,3,1,0.3,1.8,0,0.3,0.4,0,0.6,0.5,1.3,1.5,0.7,0.2,2.7,0.6,0.2,1
229,Andrew Surman,183,Bournemouth,35,M(CL),21,1792,1,0.5,59.9,86,0.1,4.8,0.1,6.58,1,0,1,1,0.4,0.8,0,0.5,0.8,0,0.5,0.4,0.7,2,0.8,0.1,1.7,0.8,0.2,0
230,Stewart Downing,21,Middlesbrough,37,"D(L),M(CLR)",24,2212,3,1,31.4,81.3,1.4,2.7,0,6.57,6,1,1,0,1,0.3,0,0.2,0.5,0.2,0.4,0.7,0.9,1,0.3,0,1.1,0.3,0,0
231,David de Gea,32,Man Utd,30,GK,35,3150,0,0,24.3,60,0,9.2,0,6.57,0,0,2,0,0,0,0,0,0.1,0,0,0,0,0,0,0,0.3,0,0,0
232,Dean Marney,184,Burnley,37,M(C),21,1770,2,0.2,34.8,80.3,0,3.3,0,6.57,0,1,7,0,0.6,0.6,0,0.1,1,0,0.3,0.7,1.7,1.3,1.7,0,1.4,1.6,0.8,0
233,Dan Gosling,183,Bournemouth,31,M(C),14,1358,0,0.4,30.6,84.5,0.1,1.7,0,6.56,13,2,6,0,0.6,0.5,0,0.6,1.1,0,0.7,0.9,1.9,1,0.9,0,0.7,1.3,0.1,0
234,John O'Shea,16,Sunderland,40,D(C),26,2161,1,0,24.5,76.2,0,1.9,0,6.56,2,0,5,0,0.1,2.1,0,0,0.3,0,0.1,0.2,1,1.4,0.6,0.3,5.4,0.5,0.6,0
235,Damien Delaney,162,Crystal Palace,40,D(C),21,2009,2,0.2,29.6,71.5,0.1,3.6,0,6.55,9,0,8,0,0.2,1.9,0,0,0.4,0,0.1,0.2,0.8,1.2,0.9,0.2,5,0.3,0.7,0
236,Valon Behrami,27,Watford,36,M(C),26,2038,0,0.2,27.1,80.1,0,1,0,6.55,1,0,7,0,0.2,0.7,0,0.2,1.5,0,0.5,0.8,2.7,1.2,1.1,0.1,0.8,1.6,0.4,0
237,Daryl Janmaat,27,Watford,32,"D(CR),M(R)",18,1613,1,0.5,22.4,73.8,0.5,1.6,0,6.55,9,2,2,0,1,0.8,0,0.6,0.1,0.2,0.6,1,1.7,0.7,0.6,0.2,1.3,0.7,0.1,0
238,Scott Arfield,184,Burnley,32,AM(CLR),23,2107,0,1.1,20,68.8,1,0.7,0,6.55,8,1,3,0,1.4,0.7,0,0.5,0.5,0.1,0.9,1.1,1.2,1.1,1.2,0,0.9,1.6,0.2,0
239,James McClean,175,West Brom,32,"D(L),M(CLR),FW",13,1467,2,0.6,10.2,71.3,0.7,0.1,0,6.54,21,1,9,0,0.7,0.9,0,0.6,0.5,0.2,0.9,0.6,1.6,0.5,0.9,0,0.6,1,0.1,0
240,Jason Denayer,16,Sunderland,26,"D(CR),DMC",22,1880,0,0.1,24.4,80,0,1.7,0,6.54,2,0,2,0,0.3,1.1,0,0.2,0.3,0,0.3,0.5,1.5,1.4,0.7,0.2,3.3,0.7,0.8,1
241,Enner Valencia,31,Everton,31,"AM(LR),FW",5,708,1,0.3,9.4,79.3,0,0.4,0,6.53,16,3,1,0,1.1,0.8,0,0.9,0.7,0.2,0.7,1.5,0.7,0.3,0.8,0,0.4,0.7,0,0
242,Fabio Borini,16,Sunderland,30,"M(CLR),FW",19,1741,0,0.6,21,74.2,0.1,1,0,6.53,5,2,5,0,1.4,1.1,0,0.8,1.8,0,1.7,1.1,0.8,1,1.1,0,1.1,0.9,0.1,0
243,Jesús Navas,167,Man City,35,"D(R),M(R)",12,1059,0,0.8,24.2,83.5,0.7,1.1,0,6.53,12,0,2,0,0.3,0.4,0,0.6,0.5,0.1,0.4,0.6,0.8,0.9,0.3,0,0.5,0.5,0,0
244,James Morrison,175,West Brom,35,M(CR),17,1740,2,0.7,24.6,80.8,0,1.3,0,6.52,14,5,3,0,0.7,0.3,0,0.5,0.5,0.1,1.1,1.1,0.8,0.7,0.6,0,0.4,0.8,0.1,0
245,Adnan Januzaj,16,Sunderland,26,AM(CLR),18,1630,3,1.4,14.2,70.7,0.6,0.6,0,6.52,7,0,3,1,1,0.5,0,2.3,1.5,0.1,2.3,2.8,0.7,0.4,1,0,0.8,0.6,0,0
246,Maarten Stekelenburg,31,Everton,39,GK,19,1684,0,0,24.8,53.4,0,7.8,0,6.52,0,0,2,0,0,0.2,1,0.1,0.2,0,0,0.1,0,0,0,0,0.9,0.1,0,1
247,Darren Fletcher,175,West Brom,37,M(C),37,3235,3,0.6,32.1,76.8,0.1,2.7,0.1,6.52,1,2,0,0,0.5,0.4,0,0.7,0.6,0,1.1,1.2,1.1,1.1,0.6,0.1,0.9,0.8,0.1,0
248,Javier Manquillo,16,Sunderland,27,"D(LR),M(R)",15,1428,0,0.2,21.2,77.8,0.3,0.5,0,6.51,5,1,2,0,0.2,0.9,0,0.8,0.7,0.3,0.9,1.2,1.6,1.2,0.7,0.3,2.5,0.3,0.3,0
249,Tom Huddlestone,214,Hull,34,DMC,23,2025,0,0.6,40.1,81.7,0,4.2,0.1,6.51,8,1,5,1,0.7,0.7,0,0.2,0.5,0,0.5,0.4,1.1,1.6,1.1,0.1,2.2,0.8,0.4,1
250,Daniel Amartey,14,Leicester,26,"D(CR),DMC",17,1666,1,0.6,32.7,80.9,0,1.6,0,6.51,7,1,3,0,0.6,1.4,0,0.1,0.4,0,0.5,0.8,1.7,1,1.3,0,1.4,1.3,0.3,0
251,Divock Origi,26,Liverpool,26,"AM(LR),FW",14,1460,3,0.5,11.5,76.2,0.1,0.4,0,6.50,20,7,0,0,1.1,0.9,0,0.6,0.9,0.4,1.2,2.2,0.3,0.1,0.6,0,0.1,0.1,0.1,0
252,Shinji Okazaki,14,Leicester,35,"AM(CLR),FW",21,1578,1,0.5,14.6,74.9,0,0.4,0.1,6.50,9,3,1,0,1,0.9,1,0.4,1.5,0.1,1,1.6,1,0.4,0.9,0,0.2,1.1,0.1,0
253,Jay Rodriguez,18,Southampton,32,"AM(CLR),FW",9,885,2,0.3,9.8,67.1,0,0.2,0.1,6.50,15,5,0,0,1.4,1.7,2,0.3,0.3,0.4,0.7,1,0.3,0.1,0.6,0,0.6,0.3,0,0
254,Martin Kelly,162,Crystal Palace,31,D(CLR),25,2131,2,0.3,21.5,69.6,0.2,1.6,0,6.49,4,0,4,0,0.1,1.9,0,0.1,0.3,0,0.1,0.6,1.6,0.9,0.7,0.3,4.6,0.8,0.6,0
255,Callum Wilson,183,Bournemouth,29,FW,16,1367,0,0.4,9.6,72.8,0.1,0.1,0,6.49,4,6,0,0,1.6,0.3,0,0.4,1.3,0.9,2,2.4,0.3,0.3,1.5,0,0.1,0.3,0.2,0
256,Jeff Hendrick,184,Burnley,29,M(CR),31,2696,1,0.4,31.4,77.7,0.1,2.1,0,6.49,1,2,6,1,1,1.1,1,0.7,1.2,0.1,0.8,1.2,1,1.2,1.3,0,1,1.1,0.3,0
257,Benik Afobe,183,Bournemouth,28,"AM(C),FW",14,1454,3,0.7,9.6,78.8,0,0.1,0,6.49,17,6,1,0,1.3,1.3,0,0.3,0.4,0.5,0.7,0.9,0.3,0.2,0.7,0,0.6,0.4,0.1,0
258,Abdoulaye Doucouré,27,Watford,28,M(C),14,1351,0,0.6,41.7,87,0.1,1.2,0,6.48,6,1,4,0,1.1,0.7,0,0.7,0.3,0,0.8,0.7,0.9,1.1,0.6,0,1.1,1.1,0.2,0
259,Aaron Cresswell,29,West Ham,31,"D(CL),M(L)",24,2118,2,0.7,29.2,75.5,0.7,2.2,0,6.46,2,0,2,1,0.4,1.4,1,0.3,0.3,0.2,0.7,0.5,0.8,1,0.4,0.1,2.3,0.6,0.2,0
260,Sebastian Larsson,16,Sunderland,36,M(CR),17,1471,1,1.1,30.6,80.1,1,2.4,0,6.46,4,0,4,1,0.8,0.7,0,0.1,0.4,0,0.7,0.5,1.8,0.6,1.4,0,1.5,1,0.4,0
261,Moussa Sissoko,30,Tottenham,32,M(CR),8,903,2,0.8,18.1,81.9,0.1,0.4,0,6.46,17,0,3,0,0.7,0.5,0,0.8,0.4,0.1,0.5,0.8,0.6,0.3,0.8,0,0.4,0.2,0,0
262,Demarai Gray,14,Leicester,25,"AM(CLR),FW",9,1039,3,0.6,10.9,74.8,0.5,0.5,0,6.45,21,1,2,0,0.9,0.2,0,1.2,0.5,0.1,0.6,0.8,0.6,0.3,0.3,0,0.3,0.2,0,0
263,Adama Diomande,214,Hull,31,"AM(L),FW",13,1170,0,0.6,14.6,78.5,0,0.3,0,6.43,9,2,1,0,1,1.6,0,1,0.7,0.5,2,1.6,1.1,0.3,0.9,0,0.3,1.1,0.1,0
264,Andre Gray,184,Burnley,30,FW,26,2268,3,0.6,11.6,71.8,0.2,0.2,0,6.42,6,9,2,0,1.5,0.1,1,0.7,0.5,1.1,1.8,2.3,0.3,0.1,0.5,0,0,0.3,0,0
265,Abel Hernández,214,Hull,31,FW,16,1428,3,0.5,10.5,72.2,0,0,0,6.40,8,4,0,0,1.6,0.9,1,0.1,0.5,0.5,0.8,1.7,0.3,0.1,0.8,0,0.1,0.5,0,0
266,Wayne Routledge,259,Swansea,36,"M(CLR),FW",24,1930,1,0.9,20.7,64.8,0.9,0.8,0,6.40,3,3,1,0,0.7,0.4,0,0.9,0.5,0.3,1.4,1.9,0.8,0.5,1,0,0.7,0.8,0,0
267,Kelechi Iheanacho,167,Man City,25,"AM(C),FW",5,528,3,0.7,9.6,76.6,0,0.2,0,6.40,15,4,0,0,1.1,0.3,0,0.4,0.1,0.3,1,1,0.3,0,0.4,0,0.1,0.2,0,0
268,Shane Long,18,Southampton,34,"AM(R),FW",10,1249,1,0.4,9.6,69.9,0.1,0.1,0,6.40,22,3,2,0,1.3,1.4,0,0.2,1.2,0.4,0.4,1,0.4,0.2,0.9,0,0.4,0.2,0.1,0
269,Isaac Success,27,Watford,25,"AM(LR),FW",2,506,1,0.3,6.9,70.2,0.2,0.2,0,6.39,17,1,2,0,0.7,0.3,0,1.1,1.3,0.1,0.8,1.3,0.8,0.4,0.6,0,0.5,0.3,0.1,0
270,James Tarkowski,184,Burnley,28,D(C),4,556,0,0.2,13.8,68.1,0,1.3,0,6.39,15,0,1,0,0.3,1.4,0,0.2,0.5,0.1,0.1,0.2,1,0.6,0.5,0.2,1.9,0.4,0.4,0
271,David Meyler,214,Hull,32,"D(R),DMC,M(LR)",9,954,0,0.3,25.5,80.9,0.2,1.2,0,6.39,11,1,2,0,0.4,0.5,0,0.2,0.8,0.1,0.7,0.6,1.4,1,0.5,0,1.2,0.8,0.1,0
272,Fraser Forster,18,Southampton,33,GK,38,3420,0,0,22.6,48.8,0,6.6,0,6.39,0,0,3,0,0,0.1,2,0,0,0,0,0,0,0,0,0,0.5,0,0,0
273,Claudio Bravo,167,Man City,38,GK,22,1969,0,0,30.2,72.6,0,4.5,0,6.38,0,0,0,0,0,0.2,0,0.1,0.1,0,0,0,0,0,0,0,0.8,0.2,0,0
274,Juan Camilo Zuñiga,27,Watford,35,"D(LR),M(L)",6,815,0,0.2,17,81,0,0.9,0,6.38,15,1,1,0,0.3,0.5,0,0.1,1,0,0.4,0.5,0.9,0.9,0.2,0.1,1,0.4,0,0
275,Ki Sung-Yueng,259,Swansea,32,DMC,13,1287,1,0.5,29.8,89.5,0.1,2.2,0,6.36,10,0,3,0,0.4,0.3,0,0.3,0.9,0,0.7,0.4,1.1,0.9,0.8,0,0.8,0.4,0.1,0
276,Harry Winks,30,Tottenham,25,DMC,3,480,1,0.4,17.4,90.2,0,1.2,0,6.36,18,1,1,0,0.3,0,0,0.5,0.5,0,0.2,0,0.5,0.2,0.5,0,0.3,0.4,0.1,0
277,Jordon Ibe,183,Bournemouth,25,M(CLR),13,1059,0,0.7,15.1,82.5,0.2,0.2,0,6.36,12,0,0,0,0.6,0,0,1.6,0.5,0,1.2,1.6,0.5,0.4,0.3,0,0.1,0.5,0.1,0
278,Michy Batshuayi,15,Chelsea,28,FW,1,239,1,0.1,4,83.8,0,0.3,0,6.34,19,5,0,0,0.9,0.2,0,0.2,0.2,0.2,0.5,0.7,0.1,0.1,0.5,0,0.1,0.1,0,0
279,Vincent Janssen,30,Tottenham,27,FW,7,832,2,0.6,8.3,79.6,0,0.2,0,6.34,20,2,0,0,1.1,0.1,0,0.2,0.9,0.3,1.1,1,0.6,0.1,1.1,0,0.1,0.1,0,0
280,Ahmed Musa,14,Leicester,29,"M(CLR),FW",7,755,0,0.3,10.2,68.2,0.2,0.2,0,6.32,14,2,1,0,0.8,0.5,0,0.7,0.6,0,0.6,1.1,0.6,0.4,0.6,0,0.1,0.3,0,0
281,Wahbi Khazri,16,Sunderland,30,"M(CLR),FW",7,839,0,1,15.1,77,0.7,1.4,0,6.29,14,1,6,0,1.1,0.2,1,0.6,0.8,0.3,1.1,1.2,0.5,0.4,1,0,0.1,0.7,0,0
282,Edimilson Fernandes,29,West Ham,25,M(CR),8,988,0,0.2,16.9,86.5,0.1,0.8,0,6.26,20,0,4,0,0.7,0.1,0,0.4,0.3,0,0.6,0.5,0.8,0.7,0.6,0,0.4,0.6,0.1,0
283,Hal Robson-Kanu,175,West Brom,32,"AM(LR),FW",5,683,2,0.3,5.7,77.7,0.1,0.1,0,6.24,24,3,3,0,0.6,0.7,0,0.3,0.8,0.2,0.8,0.8,0.2,0.1,1,0,0.3,0.3,0,0
