,player_name,team_number,team_name,age,position,Apps,Mins,Assists,KeyP,AvgP,PS%,Crosses,LongB,ThrB,Rating
0,Erling Haaland,167,Man City,22, FW  ,15(1),1311,3,1,14.1,75.7,0,0.1,0.1,7.79
1,Kieran Trippier,23,Newcastle,32," D(LR),M(R)  ",18,1597,4,2.6,50.2,75.9,3.7,3.5,0.3,7.70
2,Kevin De Bruyne,167,Man City,31," M(CLR),FW  ",16(1),1405,9,3.5,44.9,79.9,2.4,2.9,0.5,7.68
3,Gabriel Jesus,13,Arsenal,25," AM(LR),FW  ",14,1226,5,1.6,27.6,81.9,0.1,0.5,0.1,7.59
4,Harry Kane,30,Tottenham,29," AM(C),FW  ",18,1608,1,1.7,22.4,71.7,0.2,1.7,0.1,7.55
5,Martin Ødegaard,13,Arsenal,24, AM(CR)  ,16,1350,5,2.3,42.2,81.8,0.7,1.5,0.3,7.49
6,Aleksandar Mitrovic,170,Fulham,28, FW  ,15,1286,1,0.9,20.6,60.5,0.1,1,0.1,7.45
7,Rodri,167,Man City,26," D(C),DMC  ",16,1391,3,1.1,93,90.8,0,5.3,0.1,7.39
8,James Maddison,14,Leicester,26, AM(CLR)  ,13,1100,4,2.4,39.9,84.2,0.8,2.4,0.1,7.39
9,Bukayo Saka,13,Arsenal,21," D(L),M(CLR)  ",17,1449,6,2.2,30.8,83.6,1.2,1.1,0,7.37
0,Bruno Guimarães,23,Newcastle,25, DMC  ,15,1269,3,1.1,49.9,83,0.1,3.3,0.2,7.36
1,Ivan Toney,189,Brentford,26, FW  ,16,1440,3,1.1,22.9,63.7,0.2,0.4,0.2,7.35
2,Gabriel Martinelli,13,Arsenal,21," AM(L),FW  ",17,1455,2,1.6,27.3,83.6,0.4,1.5,0.1,7.34
3,Rodrigo Bentancur,30,Tottenham,25, M(C)  ,13(1),1186,2,0.6,48.9,86.1,0.3,1.6,0.1,7.32
4,Joelinton,23,Newcastle,26," AM(CLR),FW  ",15(1),1330,1,1.1,34.6,81.9,0.3,0.8,0.1,7.29
5,Casemiro,32,Man Utd,30, DMC  ,10(4),979,2,0.9,49.8,80.5,0.2,3.4,0.1,7.25
6,Bruno Fernandes,32,Man Utd,28, M(CLR)  ,16,1440,3,2.8,48.1,78.8,0.6,2.8,0.5,7.25
7,Roberto Firmino,26,Liverpool,31," M(CLR),FW  ",11(2),937,3,1.3,32.4,79.6,0.1,0.5,0.3,7.20
8,Thomas Partey,13,Arsenal,29," D(R),M(CR)  ",14,1215,0,0.9,65.5,86.5,0,3.6,0.1,7.20
9,Phil Foden,167,Man City,22," AM(CLR),FW  ",12(5),991,3,1.3,32.6,85,1.2,0.6,0.1,7.17
0,Miguel Almirón,23,Newcastle,28," AM(CLR),FW  ",18,1499,1,0.8,29.1,84,0.2,0.5,0,7.16
1,Fabian Schär,23,Newcastle,31, D(C)  ,17,1515,0,0.6,48.1,75.1,0.1,4.1,0.1,7.15
2,Pierre-Emile Højbjerg,30,Tottenham,27, M(C)  ,17,1513,2,0.9,67.5,89.1,0.2,4.3,0.2,7.13
3,Son Heung-Min,30,Tottenham,30," M(CLR),FW  ",15(1),1305,2,1.9,23.3,80.4,1.1,0.4,0,7.10
4,Jack Grealish,167,Man City,27," AM(CL),FW  ",8(3),741,3,1.7,33.5,88.6,0.2,0.8,0,7.10
5,Bernd Leno,170,Fulham,30, GK  ,16,1440,0,0.1,30.9,76.1,0,4.8,0,7.10
6,Solly March,211,Brighton,28, M(CLR)  ,17,1457,3,1.3,33,77.5,1.1,1.9,0,7.09
7,Bernardo Silva,167,Man City,28," M(CLR),FW  ",14(2),1215,5,1.4,48.8,90,0.4,2.5,0.1,7.06
8,João Cancelo,167,Man City,28," D(LR),M(R)  ",15(1),1189,1,0.7,63.7,87,0.7,2.4,0,7.05
9,João Palhinha,170,Fulham,27, DMC  ,17,1508,0,0,34.9,83.3,0,2.5,0,7.05
0,Granit Xhaka,13,Arsenal,30," D(L),M(C)  ",17,1439,4,1.5,45.3,85.7,0.1,2.2,0.1,7.02
1,Dejan Kulusevski,30,Tottenham,22," AM(CR),FW  ",8(2),705,5,1.9,24.6,82.5,0.5,0.3,0.1,7.01
2,Ilkay Gündogan,167,Man City,32, M(C)  ,12(3),1077,2,1.7,45.7,88.9,0.3,2.1,0.3,7.01
3,Mohamed Salah,26,Liverpool,30," AM(CLR),FW  ",17,1509,4,2.1,25.5,76.5,0.2,0.5,0.1,7.01
4,Thiago Silva,15,Chelsea,38, D(C)  ,14(1),1343,2,0.2,78.6,90.4,0,5.4,0,7.00
5,Pascal Struijk,19,Leeds,23," D(CL),DMC  ",16,1435,1,0.8,43.3,79.5,0.3,0.6,0,7.00
6,Alisson,26,Liverpool,30, GK  ,17,1530,1,0.1,30.3,81.7,0,4.7,0,6.99
7,Alexis Mac Allister,211,Brighton,24," M(CL),FW  ",14(1),1285,0,0.9,55.4,88.9,0.4,2.1,0,6.99
8,David Raya,189,Brentford,27, GK  ,18,1620,0,0.1,38.4,60.5,0,10.8,0,6.98
9,Kenny Tete,170,Fulham,27," D(CR),M(R)  ",11(1),980,4,0.8,35.9,74.7,0.7,1.3,0,6.98
0,Marcus Rashford,32,Man Utd,25," AM(CLR),FW  ",15(2),1351,3,0.7,22.2,76.9,0.2,0.9,0.1,6.97
1,Ben Mee,189,Brentford,33, D(CL)  ,17,1480,1,0.2,44.5,76.9,0,3.2,0,6.97
2,Diogo Dalot,32,Man Utd,23," D(LR),M(R)  ",13(1),1187,1,1.5,43.6,78,0.9,2.8,0,6.96
3,Leandro Trossard,211,Brighton,28," M(CLR),FW  ",16,1326,2,1.4,29.5,74.4,0.6,1.6,0.2,6.96
4,Eberechi Eze,162,Crystal Palace,24, AM(CLR)  ,17,1356,3,1.8,33.8,83.8,0.8,1.3,0.1,6.94
5,Moisés Caicedo,211,Brighton,21, DMC  ,16,1428,1,1.1,58.1,87.7,0.3,2.4,0.1,6.94
6,Marcus Tavernier,183,Bournemouth,23, M(CLR)  ,15,1289,4,1,27.3,76.5,1.2,0.8,0,6.94
7,Wilfried Zaha,162,Crystal Palace,30," AM(LR),FW  ",16,1419,2,1.2,24.1,83.2,0.1,0.3,0.1,6.93
8,Rúben Neves,161,Wolves,25, DMC  ,17,1530,0,0.8,59.5,83.5,0.1,6.4,0,6.93
9,Gabriel Magalhães,13,Arsenal,25, D(C)  ,17,1530,0,0.1,63.2,90.1,0,2.5,0,6.93
0,Willian,170,Fulham,34, AM(CLR)  ,9(2),820,2,1.7,30.6,84.6,0.4,2.3,0.2,6.93
1,Pascal Groß,211,Brighton,31," M(CR),FW  ",17,1467,3,2.1,43.5,81.7,1.2,1.5,0.2,6.92
2,Ben White,13,Arsenal,25," D(CR),DMC  ",17,1383,2,0.8,51,86.6,0.4,1.8,0.1,6.92
3,Serge Aurier,174,Nottingham Forest,30," D(CLR),M(R)  ",9(1),786,0,0.4,30.8,71.4,0.4,0.7,0,6.92
4,Youri Tielemans,14,Leicester,25, M(C)  ,16(2),1383,1,1.1,54.9,84.7,0.4,2.7,0.2,6.92
5,Darwin Núñez,26,Liverpool,23," AM(CL),FW  ",10(3),874,2,1.2,13.4,69.5,0.1,0.4,0.1,6.91
6,James Tarkowski,31,Everton,30, D(C)  ,18,1620,0,0.4,51.4,84.1,0,4.1,0.1,6.91
7,Thiago,26,Liverpool,31, M(C)  ,11,893,0,1.2,71.7,86.4,0,6.2,0.3,6.91
8,Declan Rice,29,West Ham,23," D(C),DMC  ",18,1620,2,1.2,61.4,90.4,0.2,4.9,0,6.90
9,Mason Mount,15,Chelsea,23, M(CLR)  ,15(1),1201,2,1.3,33.2,81.2,0.8,1.4,0.1,6.90
0,James Ward-Prowse,18,Southampton,28, M(CR)  ,18,1620,2,2,51.5,83.3,2.2,2,0,6.90
1,Trent Alexander-Arnold,26,Liverpool,24," D(R),M(R)  ",15(2),1249,1,1.8,57.4,77.2,2.2,4.6,0.2,6.90
2,Nick Pope,23,Newcastle,30, GK  ,18,1620,0,0,19.1,54.1,0,4.1,0,6.90
3,Joachim Andersen,162,Crystal Palace,26, D(C)  ,16,1440,0,0.3,63.3,80.2,0,6.8,0,6.89
4,Callum Wilson,23,Newcastle,30, FW  ,11(2),889,2,0.8,8.5,72.7,0.1,0.1,0,6.88
5,Emiliano Martínez,24,Aston Villa,30, GK  ,16,1385,0,0.1,28.6,69.9,0,5.9,0.1,6.87
6,Luke Shaw,32,Man Utd,27," D(CL),M(L)  ",12(1),1056,1,1.2,62.7,85.9,0.8,2.5,0,6.87
7,Jordan Pickford,31,Everton,28, GK  ,17,1530,1,0.1,31.3,57.1,0,7.5,0.1,6.86
8,Rodrigo,19,Leeds,31," M(CLR),FW  ",15(1),1139,1,0.7,19.8,71.8,0.2,0.9,0,6.86
9,Ethan Pinnock,189,Brentford,29, D(C)  ,10,900,0,0.4,33.4,74.6,0,1.9,0,6.86
0,Lucas Paquetá,29,West Ham,25," M(CLR),FW  ",10(1),844,2,1,40.2,80.3,0.1,1.9,0.1,6.84
1,Joe Willock,23,Newcastle,23, M(C)  ,16(2),1356,2,0.9,25.8,84.3,0.4,1.2,0,6.83
2,Sven Botman,23,Newcastle,22, D(C)  ,15(1),1329,0,0.4,42.9,86.5,0,3.6,0,6.82
3,Kaoru Mitoma,211,Brighton,25, M(L)  ,5(7),569,1,0.9,21.3,82,0.1,0.2,0.1,6.82
4,Timothy Castagne,14,Leicester,27," D(CLR),M(LR)  ",16(1),1462,2,0.7,43.4,81.3,0.7,1.1,0.1,6.82
5,Cheick Oumar Doucouré,162,Crystal Palace,23, DMC  ,15,1234,1,0.9,40.3,85.8,0.1,1.9,0.1,6.82
6,Tomás Soucek,29,West Ham,27, DMC  ,17(1),1485,1,0.4,32.2,74.8,0.1,1.9,0,6.82
7,Oleksandr Zinchenko,13,Arsenal,26," D(L),M(CLR)  ",9(1),732,1,0.5,52.8,89.8,0.4,1.5,0,6.81
8,Allan Saint-Maximin,23,Newcastle,25," AM(CLR),FW  ",4(6),414,3,0.9,15.2,73,0.2,0.6,0,6.81
9,Andrew Robertson,26,Liverpool,28," D(L),M(L)  ",12(3),1061,5,1.9,49.7,83.9,2.2,1.5,0,6.80
0,Philip Billing,183,Bournemouth,26," M(C),FW  ",16(2),1323,1,0.6,23.6,76.2,0.1,0.6,0,6.80
1,Rúben Dias,167,Man City,25, D(C)  ,9(3),872,0,0.2,74.5,92.2,0,1.9,0,6.80
2,Riyad Mahrez,167,Man City,31," AM(CLR),FW  ",6(6),580,1,1.4,27.1,90.5,0.9,1.6,0.2,6.80
3,Andreas Pereira,170,Fulham,27, M(CLR)  ,18,1485,4,2.3,25.6,70,2.4,1.6,0,6.80
4,Eric Dier,30,Tottenham,28," D(CR),DMC  ",16(1),1465,0,0.3,66.6,87.7,0.2,5,0,6.79
5,Virgil van Dijk,26,Liverpool,31, D(C)  ,17,1486,0,0.1,77.5,89.1,0,4.5,0,6.79
6,Rasmus Kristensen,19,Leeds,25," D(R),M(R)  ",13(1),1136,1,0.5,35.9,67.5,0.4,1,0,6.78
7,William Saliba,13,Arsenal,21, D(C)  ,17,1516,1,0.2,65.8,92,0.1,2.6,0,6.78
8,Dan Burn,23,Newcastle,30," D(CL),M(L)  ",17(1),1497,0,0.3,37.7,78.9,0.1,1.7,0,6.78
9,Kalidou Koulibaly,15,Chelsea,31, D(C)  ,11(1),1014,0,0.3,71.9,86.3,0,3.6,0,6.77
0,Bryan Mbeumo,189,Brentford,23," AM(LR),FW  ",18,1362,1,1.1,17.8,72.5,0.8,0.6,0.1,6.77
1,Michael Olise,162,Crystal Palace,21, AM(CLR)  ,11(5),999,4,1.5,26.7,79.4,1.1,0.9,0,6.76
2,Kai Havertz,15,Chelsea,23," M(CR),FW  ",14(2),1159,1,0.8,24,81.3,0.1,0.2,0,6.75
3,Ivan Perisic,30,Tottenham,33," M(CLR),FW  ",12(6),1097,5,1.5,23.8,74.4,1.9,1.2,0,6.74
4,James Justin,14,Leicester,24," D(CLR),M(LR)  ",14,1254,0,0.5,48.7,81.5,0.5,1.9,0,6.74
5,Lisandro Martínez,32,Man Utd,24," D(CL),DMC  ",14(1),1208,0,0.1,54,86.3,0,2.1,0.1,6.74
6,Tim Ream,170,Fulham,35," D(CL),DMC  ",18,1618,0,0,56.8,86.8,0,4.2,0,6.74
7,Raheem Sterling,15,Chelsea,28," M(CLR),FW  ",14(1),1122,2,1.5,23.7,78.1,0.5,0.2,0.1,6.74
8,Jack Harrison,19,Leeds,26," AM(CLR),FW  ",13(2),1036,4,1.9,25.3,73.1,1.1,0.7,0.1,6.73
9,Vitaly Janelt,189,Brentford,24, DMC  ,13(5),1201,1,0.4,27.9,81.9,0.2,1.8,0,6.73
0,Lukasz Fabianski,29,West Ham,37, GK  ,18,1515,0,0,21.2,62.3,0,5.6,0,6.73
1,Cristian Romero,30,Tottenham,24, D(C)  ,9(1),838,0,0.3,58.3,88.7,0,4.2,0.1,6.73
2,Raphaël Varane,32,Man Utd,29, D(C)  ,10(2),853,0,0.3,36.5,85.6,0,2,0,6.72
3,Illan Meslier,19,Leeds,22, GK  ,17,1530,0,0,26,50.7,0,3.4,0,6.72
4,John Stones,167,Man City,28, D(CR)  ,11(1),1001,2,0.4,72.9,94.6,0,3.2,0,6.72
5,Kiernan Dewsbury-Hall,14,Leicester,24, M(C)  ,16(1),1319,2,1.4,37.8,78.8,0.4,1.8,0.2,6.72
6,César Azpilicueta,15,Chelsea,33," D(CLR),M(R)  ",9(5),889,0,0.7,42.1,84.1,0.4,0.3,0,6.72
7,Vicente Guaita,162,Crystal Palace,35, GK  ,17,1530,0,0,27,70.6,0,5.7,0,6.71
8,Wout Faes,14,Leicester,24, D(C)  ,12,1080,0,0.3,73.3,85.8,0,2.8,0.1,6.71
9,Danny Welbeck,211,Brighton,32," AM(CLR),FW  ",11(2),998,2,1,14.4,82.9,0,0.1,0.1,6.70
0,Alex Iwobi,31,Everton,26, M(CLR)  ,18,1603,5,1.6,38.9,82.6,0.4,1.9,0.1,6.70
1,David de Gea,32,Man Utd,32, GK  ,17,1530,0,0.1,25.4,66.9,0,4.6,0,6.70
2,Aaron Ramsdale,13,Arsenal,24, GK  ,17,1530,0,0,23.9,61.6,0,4.4,0,6.70
3,Dominic Solanke,183,Bournemouth,25, FW  ,15(1),1348,3,0.6,14.1,71.2,0,0.3,0,6.70
4,Matt Doherty,30,Tottenham,30," D(LR),M(LR)  ",6(5),596,0,0.5,27.5,82.1,0.4,0.8,0,6.70
5,Jordan Ayew,162,Crystal Palace,31," AM(CLR),FW  ",14(3),1161,1,0.9,20.6,80.3,0.2,0.2,0,6.69
6,Hugo Lloris,30,Tottenham,36, GK  ,17,1530,0,0,24.4,78.7,0,4.4,0,6.69
7,Tyler Adams,19,Leeds,23," D(R),M(CR)  ",15,1347,0,1.3,56.1,83.4,0,1.7,0.1,6.69
8,Fabinho,26,Liverpool,29," D(CR),DMC  ",13(3),1178,0,0.3,53.3,88.5,0,2.6,0.1,6.69
9,Morgan Gibbs-White,174,Nottingham Forest,22," AM(CR),FW  ",14(1),1200,2,1.6,25.3,68.6,1.1,0.9,0.4,6.69
0,Mathias Jensen,189,Brentford,27, M(C)  ,18,1338,4,1.3,31.7,75.8,1.4,2.9,0.1,6.69
1,Nathan Aké,167,Man City,27," D(CL),DMC  ",10(1),841,0,0.4,78.2,92.1,0,1.5,0,6.69
2,Armel Bella-Kotchap,18,Southampton,21, D(C)  ,13,1030,1,0.2,34.5,75.9,0,2,0,6.69
3,Neco Williams,174,Nottingham Forest,21," D(LR),M(LR)  ",12(6),1102,0,0.7,22.9,68.3,0.8,1.6,0.1,6.68
4,Amadou Onana,31,Everton,21, DMC  ,14(2),1218,1,0.4,28.6,82.5,0,1.1,0.1,6.68
5,Aaron Cresswell,29,West Ham,33," D(CL),M(L)  ",16(1),1444,0,1.8,46.9,82.8,1.8,2.6,0.1,6.68
6,Che Adams,18,Southampton,26," AM(CL),FW  ",15(2),1337,1,1.1,17.7,68.1,0.1,1,0.1,6.67
7,Christian Eriksen,32,Man Utd,30," M(CLR),FW  ",15(1),1254,6,1.4,51.6,83.2,0.8,2.7,0.1,6.67
8,Ollie Watkins,24,Aston Villa,27," AM(LR),FW  ",16(1),1419,4,0.9,17.6,70.9,0.1,0.2,0,6.67
9,Liam Cooper,19,Leeds,31, D(C)  ,10(1),927,0,0.4,43.5,78,0,1.5,0,6.66
0,Douglas Luiz,24,Aston Villa,24, M(C)  ,13(4),1168,3,1.1,38.9,86.4,0.4,1.8,0.1,6.66
1,Mohammed Salisu,18,Southampton,23, D(CL)  ,17,1530,1,0.3,51.3,77.6,0.2,3.2,0.1,6.66
2,Marc Cucurella,15,Chelsea,24," D(CL),M(L)  ",14(2),1099,2,0.4,44.4,86.8,0.8,1.4,0,6.66
3,Issa Diop,170,Fulham,25, D(C)  ,8(3),783,0,0.1,56.4,86.8,0,3,0,6.66
4,Kurt Zouma,29,West Ham,28, D(CR)  ,14,1185,0,0,40.9,86.2,0,2.4,0,6.65
5,Marc Roca,19,Leeds,26, DMC  ,16(1),1255,1,0.8,39.8,81.2,0.1,2.3,0,6.65
6,Demarai Gray,31,Everton,26," AM(CLR),FW  ",17(1),1503,0,1.2,23.4,80,1.4,0.7,0,6.64
7,Bobby De Cordova-Reid,170,Fulham,29," D(R),M(CLR),FW  ",17,1425,1,0.8,29.1,72.5,0.6,0.8,0,6.64
8,Leon Bailey,24,Aston Villa,25," M(CLR),FW  ",14(3),1075,2,0.9,14.1,70.4,0.9,0.6,0.1,6.64
9,Anthony Gordon,31,Everton,21, AM(LR)  ,12(3),1076,0,0.5,16.4,76,0.2,0.4,0.1,6.64
0,Manuel Akanji,167,Man City,27, D(CR)  ,10(1),927,1,0.3,76.3,94.5,0,2.6,0,6.62
1,Joe Gomez,26,Liverpool,25, D(CLR)  ,9(5),900,0,0.1,60.5,84.9,0,3.6,0,6.62
2,Joe Aribo,18,Southampton,26," M(CLR),FW  ",11(7),1086,0,0.5,19,74.3,0,0.2,0,6.62
3,Joël Veltman,211,Brighton,30," D(CR),M(R)  ",13(2),1111,1,0.2,43.5,83.8,0.2,1.7,0.1,6.61
4,Tosin Adarabioyo,170,Fulham,25, D(CR)  ,11(1),991,0,0.1,43.4,79.7,0.1,2.3,0,6.61
5,Emiliano Buendía,24,Aston Villa,26, M(CLR)  ,10(8),985,0,0.9,25.1,80.5,0.1,1.5,0.2,6.61
6,Ben Davies,30,Tottenham,29," D(CL),M(L)  ",12(3),1090,1,0.7,46.9,86.6,0.2,2.5,0,6.61
7,Saïd Benrahma,29,West Ham,27, AM(CLR)  ,9(7),939,1,1.3,21.3,86.2,0.3,0.4,0,6.61
8,Ashley Young,24,Aston Villa,37," D(LR),M(LR)  ",10(4),952,0,0.6,32.1,78,0.4,2.3,0.1,6.61
9,Vitaliy Mykolenko,31,Everton,23," D(CL),M(L)  ",18,1555,0,0.7,35.5,77.3,0.6,1.2,0,6.60
0,Sean Longstaff,23,Newcastle,25, DMC  ,14(4),1322,2,0.7,30.7,79.5,0.2,1.2,0.1,6.60
1,Idrissa Gueye,31,Everton,33, M(C)  ,12(1),967,1,0.4,39.9,85.9,0,1.3,0.1,6.60
2,Lucas Digne,24,Aston Villa,29," D(CL),M(L)  ",12(1),1059,0,0.9,40,78.7,1.2,1.8,0,6.60
3,Daniel Amartey,14,Leicester,28," D(CR),DMC  ",13(2),1184,0,0.3,56.3,91,0,1.9,0.1,6.59
4,Tyrone Mings,24,Aston Villa,29, D(CL)  ,16,1440,1,0.2,47.5,84.1,0.1,3.4,0.1,6.59
5,Harvey Barnes,14,Leicester,25, AM(CL)  ,16,1342,0,0.4,22.3,75.1,0,0.5,0.1,6.59
6,Antonee Robinson,170,Fulham,25," D(L),M(L)  ",16,1379,0,0.6,40.4,76.5,0.8,1.7,0,6.59
7,João Moutinho,161,Wolves,36, M(C)  ,14(2),1210,2,1.5,43,84.3,0.7,2.4,0.1,6.59
8,Boubacar Kamara,24,Aston Villa,23," D(CL),DMC  ",11(1),936,0,0.3,45.4,84.4,0,2.7,0,6.59
9,Kyle Walker-Peters,18,Southampton,25," D(LR),M(R)  ",14,1225,0,0.7,32.2,76.5,0.4,1,0,6.59
0,Ederson,167,Man City,29, GK  ,17,1530,1,0.1,31.6,86,0,4.3,0.1,6.59
1,José Sá,161,Wolves,29, GK  ,18,1620,0,0,28,69.8,0,3.8,0,6.59
2,Jadon Sancho,32,Man Utd,22, AM(CLR)  ,10,723,1,1.4,28.5,83.2,0.1,0.4,0.1,6.58
3,Jarrod Bowen,29,West Ham,26," AM(CLR),FW  ",18,1613,0,1.4,20.8,74.6,0.8,0.9,0,6.58
4,Tyrell Malacia,32,Man Utd,23, D(L)  ,8(3),747,0,0.1,29.3,85.1,0.3,0.8,0,6.58
5,John McGinn,24,Aston Villa,28, M(CR)  ,14(3),1227,1,0.5,29.1,78.9,0.4,2.2,0.1,6.58
6,Rico Henry,189,Brentford,25," D(L),M(L)  ",18,1617,1,0.6,24.5,75.1,0.4,0.8,0.2,6.58
7,Clément Lenglet,30,Tottenham,27, D(C)  ,10(1),839,2,0.4,56.7,88.3,0.3,2.6,0,6.58
8,Odsonne Édouard,162,Crystal Palace,24," AM(L),FW  ",9(6),804,2,0.8,13.1,78.1,0,0,0,6.58
9,Dwight McNeil,31,Everton,23, AM(CLR)  ,10(7),849,1,0.6,16.9,81.9,0.7,0.6,0.1,6.58
0,Crysencio Summerville,19,Leeds,21, AM(R)  ,5(7),551,1,0.5,15.3,77.7,0.1,0.3,0,6.57
1,Harrison Reed,170,Fulham,27," D(R),M(CR)  ",17,1422,1,1.2,34.3,78,0.5,1.4,0,6.57
2,Danny Ings,24,Aston Villa,30," AM(C),FW  ",8(9),761,0,0.5,8.5,73.8,0,0.1,0.1,6.57
3,Emerson Royal,30,Tottenham,23," D(R),M(R)  ",11(3),926,1,0.4,33.2,81.9,0.3,1.3,0,6.57
4,Jacob Ramsey,24,Aston Villa,21, AM(C)  ,12(3),1026,2,0.8,26.8,84.6,0,0.7,0,6.57
5,Daniel Podence,161,Wolves,27," AM(CLR),FW  ",15(3),1222,0,1.4,22.9,70.5,0.6,1,0,6.56
6,Patson Daka,14,Leicester,24, FW  ,9(7),702,3,0.6,9.3,67.8,0.1,0,0.2,6.56
7,Rayan Aït-Nouri,161,Wolves,21," D(L),M(L)  ",7(6),746,0,0.5,24.5,82.4,0.5,0.5,0,6.56
8,Boubakary Soumaré,14,Leicester,23, DMC  ,12(2),845,0,0.1,35.6,89.2,0,1.1,0.1,6.56
9,Harvey Elliott,26,Liverpool,19, AM(CR)  ,12(5),1017,1,0.9,35.1,83.6,0.3,1.1,0.2,6.56
0,Brenden Aaronson,19,Leeds,22, AM(CLR)  ,17,1432,2,1.7,26.3,79.9,0.6,0.3,0.1,6.56
1,Maximilian Kilman,161,Wolves,25, D(C)  ,18,1620,0,0,57.6,82.8,0,2.9,0,6.55
2,Pervis Estupiñán,211,Brighton,24, D(L)  ,11(3),905,0,1.1,36.3,81.3,0.7,0.9,0,6.55
3,Nathan Collins,161,Wolves,21, D(CR)  ,15,1293,0,0.1,50.9,89.3,0,3.7,0,6.55
4,Jorginho,15,Chelsea,31, DMC  ,13(2),1068,0,0.4,47.7,85.3,0,1.8,0,6.55
5,Lewis Cook,183,Bournemouth,25, M(CL)  ,16(2),1453,2,1.2,33.3,81.3,0.9,1.2,0,6.55
6,Jonny,161,Wolves,28," D(CLR),M(LR)  ",11(2),1007,0,0.2,45.2,85,0.3,1.8,0.1,6.54
7,Nathan Patterson,31,Everton,21," D(R),M(R)  ",11(2),988,0,0.3,28.8,81.3,0.2,0.8,0,6.54
8,Dean Henderson,174,Nottingham Forest,25, GK  ,17,1530,0,0,31.6,55.9,0,6.2,0,6.54
9,Scott McTominay,32,Man Utd,26," D(C),DMC  ",6(6),637,0,0.3,19.3,82.3,0,0.9,0.1,6.54
0,Davinson Sánchez,30,Tottenham,26, D(C)  ,6(5),553,0,0.1,34.6,87.9,0.1,0.6,0,6.53
1,Ruben Loftus-Cheek,15,Chelsea,26, M(CLR)  ,12(2),958,0,0.5,36.8,86.4,0.1,1.1,0.1,6.53
2,Jordan Henderson,26,Liverpool,32," D(C),M(CLR)  ",9(5),816,0,0.9,47.4,82.8,0.2,3,0.2,6.53
3,Richarlison,30,Tottenham,25," AM(CLR),FW  ",5(5),438,2,0.9,13,75.4,0.3,0.6,0.2,6.52
4,Jeffrey Schlupp,162,Crystal Palace,30," D(L),M(CLR)  ",15(2),1330,0,0.4,31.1,78.3,0,0.8,0,6.52
5,Marc Guéhi,162,Crystal Palace,22, D(C)  ,16,1440,0,0.1,61.9,88.3,0,4.1,0,6.52
6,Mohamed Elyounoussi,18,Southampton,28," AM(CLR),FW  ",15(2),1246,1,0.7,20.6,68.6,0.5,0.9,0.2,6.52
7,Gianluca Scamacca,29,West Ham,24, FW  ,11(4),915,0,0.8,11.4,67.3,0.1,0.7,0,6.52
8,Robert Sánchez,211,Brighton,25, GK  ,17,1530,0,0,30.1,70.3,0,3.9,0,6.52
9,Josh Dasilva,189,Brentford,24, M(C)  ,8(10),778,1,0.3,18.9,82.6,0.2,0.6,0.1,6.51
0,Joel Ward,162,Crystal Palace,33," D(CLR),DMC,M(R)  ",13(2),1224,0,0.1,35.5,75.4,0.1,1.4,0,6.51
1,Julián Álvarez,167,Man City,22," AM(R),FW  ",3(10),361,0,0.4,9.1,87.3,0.1,0.4,0.1,6.50
2,Moussa Djenepo,18,Southampton,24, M(LR)  ,6(5),570,1,0.5,16.2,78.1,0.3,0.5,0,6.50
3,Yoane Wissa,189,Brentford,26," AM(L),FW  ",7(11),751,1,0.3,8.4,75,0,0.3,0.1,6.50
4,Joe Worrall,174,Nottingham Forest,25, D(C)  ,10(4),983,0,0.1,36.8,81,0,2.2,0,6.50
5,Ryan Yates,174,Nottingham Forest,25, DMC  ,14(2),1304,1,0.4,27.2,78.9,0,1.3,0,6.50
6,Séamus Coleman,31,Everton,34," D(CR),M(R)  ",7(3),655,0,0.1,25.5,83.1,0.3,0.7,0,6.49
7,Neeskens Kebano,170,Fulham,30, AM(CLR)  ,9(3),719,3,0.9,14,80.4,0.3,0.1,0,6.49
8,Adam Webster,211,Brighton,28, D(C)  ,13,1170,0,0.2,66,86.5,0.1,4.1,0,6.49
9,Matty Cash,24,Aston Villa,25," D(R),M(CLR)  ",13(2),1146,0,0.5,32.4,76.7,0.7,1.4,0.1,6.49
0,Jefferson Lerma,183,Bournemouth,28," D(R),DMC  ",18,1614,0,0.3,42.8,82.1,0.1,1.1,0.1,6.49
1,Danny Ward,14,Leicester,29, GK  ,18,1620,0,0,30.1,69.7,0,3.9,0,6.49
2,Robin Koch,19,Leeds,26," D(C),DMC  ",17,1486,0,0,47.9,77.4,0,2.5,0,6.49
3,Conor Coady,31,Everton,29," D(CR),DMC  ",16,1431,1,0.3,51.1,85.7,0.1,4.8,0.1,6.48
4,Konstantinos Tsimikas,26,Liverpool,26, D(L)  ,5(7),439,3,1,20.7,85.1,1.2,0.5,0,6.48
5,Cheikhou Kouyaté,174,Nottingham Forest,33," D(CR),DMC  ",9(3),709,0,0.4,17.1,77.6,0,0.9,0,6.48
6,Vladimír Coufal,29,West Ham,30," D(R),M(R)  ",10(2),932,0,0.9,30.8,67.8,0.7,1.5,0,6.47
7,Adam Lallana,211,Brighton,34, M(CLR)  ,10(4),635,1,0.9,19.4,83.1,0.1,0.1,0,6.47
8,Gavin Bazunu,18,Southampton,20, GK  ,18,1620,0,0.1,33.1,56.1,0,8.2,0,6.47
9,Ryan Christie,183,Bournemouth,27," AM(CLR),FW  ",10(6),832,0,0.5,16.6,85.3,0.1,0.6,0,6.47
0,Matheus Nunes,161,Wolves,24, M(C)  ,13(2),1073,1,0.9,25.9,82,0.1,2.3,0,6.46
1,Romain Perraud,18,Southampton,25," D(L),M(L)  ",12(4),985,2,0.7,21.6,75.7,0.4,0.5,0.1,6.46
2,Ryan Sessegnon,30,Tottenham,22," D(L),M(LR)  ",8(6),703,0,0.4,17.9,72.1,0.3,0.4,0.1,6.45
3,Fred,32,Man Utd,29, M(C)  ,4(10),458,0,0.9,21.8,82.3,0.1,0.8,0.1,6.45
4,Conor Gallagher,15,Chelsea,22, AM(C)  ,7(8),547,1,0.7,19.4,82.1,0.5,0.2,0,6.45
5,Lewis Dunk,211,Brighton,31, D(C)  ,17,1530,0,0.1,70.4,89.2,0,4.9,0,6.44
6,Pablo Fornals,29,West Ham,26, M(CLR)  ,10(6),873,0,0.6,24.7,78.7,0.3,1.6,0.1,6.44
7,Matt Targett,23,Newcastle,27," D(L),M(L)  ",4(6),421,0,0.7,22.4,80.4,0.5,0.8,0,6.44
8,James Milner,26,Liverpool,37," D(LR),M(CLR)  ",4(8),464,1,0.8,24,78.8,0.7,1.7,0.1,6.44
9,Ezri Konsa,24,Aston Villa,25, D(CR)  ,17(1),1523,0,0.2,44.4,85.5,0.1,1.8,0.1,6.44
0,Chris Mepham,183,Bournemouth,25, D(C)  ,15,1342,0,0.1,41,83.6,0,1.9,0,6.44
1,Fábio Carvalho,26,Liverpool,20, AM(CL)  ,4(7),335,0,0.1,11.9,83.2,0.1,0.2,0,6.43
2,Kieffer Moore,183,Bournemouth,30, FW  ,10(8),939,0,0.2,14.7,59.2,0.1,0.2,0,6.42
3,Renan Lodi,174,Nottingham Forest,24," D(L),M(L)  ",9(1),743,0,0.4,24.6,76.4,0.4,1.4,0,6.42
4,Takehiro Tomiyasu,13,Arsenal,24, D(CLR)  ,4(9),451,0,0.2,19.5,84.2,0.2,0.8,0,6.40
5,Remo Freuler,174,Nottingham Forest,30, DMC  ,12(2),1104,0,0.4,31.9,79.8,0.1,1,0,6.40
6,Adama Traoré,161,Wolves,26," M(CLR),FW  ",6(9),742,0,0.7,13.7,74.1,0.8,0.2,0,6.40
7,Cristiano Ronaldo,32,Man Utd,37," M(L),FW  ",4(6),520,0,0.6,15.8,76.6,0,0.1,0,6.39
8,Mads Roerslev,189,Brentford,23," D(R),M(R)  ",8(2),702,0,0.6,17.6,63.6,0.3,0.5,0,6.39
9,Zanka,189,Brentford,32, D(C)  ,8(3),726,0,0.1,27,80.8,0,0.9,0,6.39
0,Gonçalo Guedes,161,Wolves,26," AM(CLR),FW  ",8(5),710,1,0.7,13.2,75,0.5,0.6,0,6.38
1,Harry Toffolo,174,Nottingham Forest,27," D(L),M(L)  ",6(4),611,0,0.4,20.1,66.7,0.6,0.3,0,6.38
2,Eddie Nketiah,13,Arsenal,23, FW  ,3(12),412,0,0.2,7.9,82.4,0,0.1,0,6.37
3,Nélson Semedo,161,Wolves,29," D(LR),M(R)  ",11(5),924,1,0.4,21.8,81,0.3,0.9,0.1,6.37
4,Steve Cook,174,Nottingham Forest,31, D(C)  ,11(1),959,0,0.3,37.9,80.7,0.1,2.7,0,6.37
5,Mateo Kovacic,15,Chelsea,28, M(CL)  ,6(7),753,1,0.6,44.9,84.1,0.1,1.5,0.1,6.37
6,Michail Antonio,29,West Ham,32," D(R),M(CLR),FW  ",7(10),741,1,0.4,7.5,54.3,0.1,0.1,0,6.36
7,Adam Smith,183,Bournemouth,31," D(LR),M(LR)  ",18,1549,1,0.4,32,79,0.6,2.1,0,6.36
8,Wilfred Ndidi,14,Leicester,26," D(C),DMC  ",9(4),786,0,0.1,38.7,87.7,0,0.8,0,6.36
9,Jordan Zemura,183,Bournemouth,23, D(L)  ,11(2),948,1,0.9,23.8,69.4,0.2,0.7,0,6.36
0,Luke Ayling,19,Leeds,31," D(CR),M(R)  ",3(7),339,1,0.2,12.9,74.4,0.4,0.8,0,6.36
1,Tyrick Mitchell,162,Crystal Palace,23, D(L)  ,13(2),1014,2,0.3,31.7,71.6,0.1,1.1,0,6.35
2,Marcos Senesi,183,Bournemouth,25, D(C)  ,14(1),1211,0,0.2,41.2,80.9,0.1,3.3,0,6.34
3,Thilo Kehrer,29,West Ham,26," D(CLR),M(R)  ",15,1350,0,0.1,44.5,84.9,0.1,1.8,0,6.33
4,Lewis O'Brien,174,Nottingham Forest,24," D(L),M(CL)  ",6(6),561,0,0.3,16.7,80,0,0.2,0,6.33
5,Jaidon Anthony,183,Bournemouth,23, AM(LR)  ,3(10),480,0,0.4,14.4,75.9,0.4,0.4,0,6.32
6,Philippe Coutinho,24,Aston Villa,30, M(CLR)  ,6(9),632,0,0.4,20,81.3,0.1,0.5,0,6.32
7,Jamie Vardy,14,Leicester,35," AM(L),FW  ",9(9),961,4,0.4,7.2,57.4,0.1,0.2,0.1,6.32
8,Frank Onyeka,189,Brentford,25, DMC  ,4(8),439,1,0.4,10.6,75.6,0,0.3,0,6.32
9,Taiwo Awoniyi,174,Nottingham Forest,25, FW  ,9(7),733,0,0.5,7.5,74.2,0,0.1,0,6.31
0,Samuel Edozie,18,Southampton,19, Forward  ,2(9),337,0,0.4,8,72.7,0.1,0.1,0.1,6.31
1,Scott McKenna,174,Nottingham Forest,26, D(C)  ,14,1260,0,0.5,41.4,81.2,0.1,2.1,0,6.31
2,Chris Wood,23,Newcastle,31, FW  ,4(13),439,0,0.2,6.2,62.3,0,0.1,0,6.31
3,Shandon Baptiste,189,Brentford,24, AM(C)  ,4(8),428,0,0.5,14.8,84.3,0.3,0.7,0.1,6.31
4,Leander Dendoncker,24,Aston Villa,27," D(C),M(C)  ",3(7),325,0,0.5,13.1,88.5,0,0.5,0,6.30
5,Brennan Johnson,174,Nottingham Forest,21," AM(CLR),FW  ",16(2),1445,1,0.7,12.4,61.2,0.1,0.2,0,6.30
6,Luka Milivojevic,162,Crystal Palace,31, DMC  ,2(8),280,0,0.2,15.2,83.6,0.1,0.8,0,6.30
7,Adam Armstrong,18,Southampton,25," AM(CLR),FW  ",11(6),912,1,0.6,12.6,77.1,0.1,0.4,0,6.30
8,Christian Pulisic,15,Chelsea,24," M(CLR),FW  ",6(10),606,1,0.7,13.6,83.9,0,0.4,0,6.29
9,Yves Bissouma,30,Tottenham,26, M(C)  ,8(8),772,0,0.4,34,90.4,0.1,0.6,0,6.29
0,Anthony Elanga,32,Man Utd,20, AM(LR)  ,5(8),397,1,0.4,8.8,76.3,0.1,0.2,0,6.29
1,Jacob Murphy,23,Newcastle,27," D(R),M(LR)  ",5(13),521,1,0.3,8.3,66.7,0.2,0,0.1,6.29
2,Sékou Mara,18,Southampton,20, FW  ,3(9),286,1,0.3,3.9,70.2,0,0.1,0.1,6.28
3,Orel Mangala,174,Nottingham Forest,24, M(C)  ,6(4),467,0,0.1,17.3,83.2,0,0.6,0,6.27
4,Kieran Tierney,13,Arsenal,25," D(CL),M(L)  ",4(10),450,0,0.2,18,77,0.1,0.9,0,6.27
5,Neal Maupay,31,Everton,26," AM(C),FW  ",7(6),683,0,0.4,11.1,77.1,0,0.2,0,6.27
6,Nathaniel Clyne,162,Crystal Palace,31," D(LR),M(R)  ",10(1),829,0,0.4,33.7,83,0,0.6,0,6.27
7,Armando Broja,15,Chelsea,21, FW  ,2(10),290,0,0.1,4.4,62.3,0,0,0,6.26
8,Tom Cairney,170,Fulham,31, M(CR)  ,1(17),405,0,0.4,18.3,88.5,0.2,0.9,0.1,6.25
9,Stuart Armstrong,18,Southampton,30, AM(CLR)  ,7(10),763,0,0.7,20.1,81.6,0.3,0.7,0.1,6.25
0,Mark Travers,183,Bournemouth,23, GK  ,10(1),945,0,0,25.1,71,0,7,0,6.24
1,Dan James,170,Fulham,25," AM(CLR),FW  ",3(7),344,0,0.4,9.6,74,0.1,0.2,0,6.23
2,Jesse Lingard,174,Nottingham Forest,30," AM(CLR),FW  ",11(3),867,0,0.7,18,81,0.1,0.4,0,6.20
3,Emmanuel Dennis,174,Nottingham Forest,25," M(LR),FW  ",3(7),370,1,0.4,9.2,71.7,0.1,0.4,0,6.20
4,Hwang Hee-Chan,161,Wolves,26," AM(CLR),FW  ",6(8),531,1,0.2,7.7,76.9,0.1,0.2,0,6.19
5,Tariq Lamptey,211,Brighton,22," D(R),M(R)  ",1(13),297,0,0.2,10.1,86.5,0.3,0.1,0,6.18
6,Ibrahima Diallo,18,Southampton,23, DMC  ,7(3),498,0,0.1,21.1,80.1,0,0.5,0,6.16
7,Kelechi Iheanacho,14,Leicester,26," AM(C),FW  ",1(12),267,1,0.7,6.9,80,0,0.2,0,6.16
8,Jean-Philippe Mateta,162,Crystal Palace,25, FW  ,2(11),321,0,0.4,5.5,69.4,0,0,0,6.16
9,Joe Gelhardt,19,Leeds,20, FW  ,1(13),189,1,0.1,4,73.2,0,0,0.1,6.13
0,Lyanco,18,Southampton,25, D(C)  ,5(5),496,0,0.1,23,77,0,1.1,0.1,6.13
1,Mateusz Klich,19,Leeds,32, M(C)  ,0(14),266,0,0.4,9.7,75.7,0.1,0.2,0,6.12
2,Sam Surridge,174,Nottingham Forest,24, FW  ,1(10),187,0,0.1,4.2,50,0,0.1,0,6.12
3,Patrick Bamford,19,Leeds,29," AM(CLR),FW  ",4(6),429,1,0.4,7.9,74.7,0,0,0,6.11
4,Abdoulaye Doucouré,31,Everton,30, M(C)  ,2(8),223,0,0,12,80.8,0,0.1,0,6.06
5,Will Hughes,162,Crystal Palace,27, M(CLR)  ,0(11),109,0,0.1,5.5,88.5,0.1,0.3,0,6.05
6,Carlos Vinícius,170,Fulham,27, FW  ,3(7),330,0,0.3,5.8,58.6,0,0,0.1,6.05
