,player_name,team_number,team_name,age,position,Apps,Mins,Assists,KeyP,AvgP,PS%,Crosses,LongB,ThrB,Rating,sub
0,Kevin De Bruyne,167,Man City,30,", M(CLR),FW",32,2800,20,3.9,54.5,81.5,2.1,3.5,0.4,7.97,3
1,Ricardo Pereira,14,Leicester,28,", D(LR),M(R)",28,2520,2,1,56.1,78.9,0.3,2.1,0.1,7.50,0
2,Adama Traoré,161,Wolves,25,", M(CLR),FW",27,2608,9,1.3,19.2,74.4,1.2,0.2,0.1,7.49,10
3,Riyad Mahrez,167,Man City,30,", AM(CLR)",21,1942,9,1.8,33.2,90.1,0.6,1.7,0.2,7.48,12
4,Sadio Mané,26,Liverpool,29,", AM(CLR),FW",31,2756,7,1.7,31.5,81.6,0.3,1,0.1,7.45,4
5,Mohamed Salah,26,Liverpool,29,", AM(CLR),FW",33,2888,10,1.8,28.8,76.5,0.3,0.4,0.1,7.40,1
6,Raheem Sterling,167,Man City,26,", M(CLR),FW",30,2661,1,1.5,35.4,82.8,0.2,0.3,0.1,7.35,3
7,Marcus Rashford,32,Man Utd,23,", AM(CLR),FW",31,2655,7,1.1,30.4,77.3,0.3,1.2,0.2,7.35,0
8,James Maddison,14,Leicester,24,", AM(CLR)",29,2629,3,2.5,47.5,83,1.9,2.3,0.2,7.34,2
9,Harry Kane,30,Tottenham,28,", AM(C),FW",29,2590,2,0.9,19.1,66.7,0.1,0.8,0.2,7.33,0
0,Virgil van Dijk,26,Liverpool,30,", D(C)",38,3420,1,0.2,85.8,89.1,0,5.4,0.1,7.32,0
1,Anthony Martial,32,Man Utd,25,", AM(LR),FW",31,2640,6,0.9,22.3,80.6,0.1,0.3,0.1,7.31,1
2,Willian,15,Chelsea,33,", AM(CLR)",29,2605,7,2.1,39.9,82.7,1.4,1.8,0.1,7.31,7
3,Michail Antonio,29,West Ham,31,", D(R),M(CLR),FW",19,1773,3,1.1,18.6,68.4,0.4,0.4,0.1,7.29,5
4,Allan Saint-Maximin,23,Newcastle,24,", AM(CLR),FW",23,1874,4,1.3,16.6,79.1,0.3,0.8,0,7.29,3
5,David Silva,167,Man City,35,", M(CLR)",22,1833,10,1.8,54.9,89.3,0.1,1.1,0.1,7.29,5
6,Gabriel Jesus,167,Man City,24,", AM(LR),FW",21,2026,7,0.9,17.9,86.5,0.1,0.6,0,7.26,13
7,Raúl Jiménez,161,Wolves,30,", FW",37,3252,6,1.3,26.1,72.2,0.1,1.2,0.1,7.25,1
8,Son Heung-Min,30,Tottenham,29,", M(CLR),FW",28,2487,10,1.4,26.6,84.7,0.4,0.7,0.2,7.24,2
9,Jack Grealish,24,Aston Villa,26,", AM(CL)",36,3234,6,2.5,38.1,84.8,0.8,2.3,0.1,7.23,0
0,Wilfred Ndidi,14,Leicester,24,", DMC",29,2674,1,0.5,52.2,85.1,0,2.5,0,7.23,3
1,Jamie Vardy,14,Leicester,34,", AM(L),FW",34,3034,5,0.9,12.6,70.6,0.2,0.2,0,7.22,1
2,Trent Alexander-Arnold,26,Liverpool,23,", D(R),M(R)",35,3176,13,2.3,64.2,76.7,2.1,5.1,0,7.20,3
3,Aaron Wan-Bissaka,32,Man Utd,23,", D(R),M(R)",34,3102,4,0.7,47.1,81.3,0.4,1,0,7.19,1
4,Richarlison,31,Everton,24,", AM(CLR),FW",36,3111,3,0.9,21.9,66.6,0.1,0.6,0,7.19,0
5,Willy Boly,161,Wolves,30,", D(C)",22,1980,1,0.3,44.7,80.9,0,1.8,0,7.19,0
6,James Tarkowski,184,Burnley,28,", D(C)",38,3420,2,0.4,35.5,70.8,0,2.8,0,7.19,0
7,Christian Pulisic,15,Chelsea,23,", M(CLR)",19,1727,4,1.2,26.7,79.9,0.2,0.8,0,7.18,6
8,Sergio Agüero,167,Man City,33,", AM(CL),FW",18,1460,3,0.8,14.8,80.5,0,0,0,7.16,6
9,Lucas Digne,31,Everton,28,", D(CL),M(L)",35,3035,7,2.1,39.3,74.2,2.1,1.8,0.1,7.16,0
0,James Ward-Prowse,18,Southampton,26,", M(CR)",38,3420,3,1.6,43.8,80.9,1.5,2.1,0,7.15,0
1,Jordan Henderson,26,Liverpool,31,", D(C),M(CLR)",26,2244,5,0.9,61.9,84.5,0.3,4.2,0.1,7.15,4
2,Roberto Firmino,26,Liverpool,30,", M(CLR),FW",34,3003,8,1.4,30.6,79.6,0.1,0.7,0,7.14,4
3,César Azpilicueta,15,Chelsea,32,", D(CLR),M(R)",36,3230,6,1.3,67.6,80.7,0.8,2.2,0,7.12,0
4,Harry Maguire,32,Man Utd,28,", D(C)",38,3450,1,0.4,66.3,86.7,0,4.4,0,7.12,0
5,Danny Ings,18,Southampton,29,", AM(C),FW",32,2815,2,0.9,16.9,62.7,0.2,0.5,0,7.12,6
6,Andrew Robertson,26,Liverpool,27,", D(L),M(L)",34,3114,12,1.7,69.2,83.7,1.1,2.3,0,7.11,2
7,Rodri,167,Man City,25,", DMC",29,2488,2,1,73.7,92.9,0.1,4.9,0.1,7.09,6
8,Sébastien Haller,29,West Ham,27,", FW",24,2263,1,0.8,24,65.8,0,0.4,0,7.08,8
9,Emiliano Buendía,168,Norwich,24,", M(R)",28,2465,7,2.3,39.1,80,1.1,2.5,0.3,7.08,8
0,Nicolas Pépé,13,Arsenal,26,", AM(LR),FW",22,2016,6,1.3,22.8,81.4,0.9,0.5,0.1,7.06,9
1,Serge Aurier,30,Tottenham,28,", D(CLR),M(R)",31,2706,5,1,38.8,79.1,0.6,1,0,7.06,2
2,Dwight McNeil,184,Burnley,21,", M(LR)",38,3345,6,1.4,27.1,79.1,1.8,1.5,0,7.06,0
3,Diego Rico,183,Bournemouth,28,", D(CL),M(L)",27,2336,4,1.2,40.2,67.3,1.6,2.1,0.1,7.06,0
4,Troy Deeney,27,Watford,33,", FW",26,2234,2,1.1,26.3,54.2,0,0.3,0,7.05,1
5,Çaglar Söyüncü,14,Leicester,25,", D(C)",34,3037,1,0.1,68.2,89.6,0,3.3,0,7.04,0
6,Bernardo Silva,167,Man City,27,", M(CLR),FW",23,2031,7,1.5,40.4,90.2,0.5,1.1,0,7.03,11
7,Pierre-Emerick Aubameyang,13,Arsenal,32,", M(CLR),FW",35,3139,3,0.7,22.7,72.2,0.6,0.3,0,7.03,1
8,João Moutinho,161,Wolves,35,", M(C)",34,3108,6,2,48.4,85.5,1.8,4,0.1,7.01,4
9,Declan Rice,29,West Ham,22,", D(C),DMC",38,3420,3,0.6,45.6,86,0.3,3.4,0,7.01,0
0,Nemanja Matic,32,Man Utd,33,", DMC",18,1613,2,0.7,60.2,87,0.1,2.2,0,7.00,3
1,John McGinn,24,Aston Villa,26,", M(C)",27,2318,3,1.3,25.4,81.4,0.5,2.9,0,7.00,1
2,Matt Doherty,161,Wolves,29,", D(LR),M(R)",32,2841,3,0.6,41,74.9,0.2,1.3,0,6.99,4
3,Hugo Lloris,30,Tottenham,34,", GK",21,1808,0,0,22.6,67.1,0,5.8,0,6.98,0
4,Wilfried Zaha,162,Crystal Palace,28,", AM(LR),FW",37,3280,3,0.9,28.8,81.1,0.5,0.7,0,6.98,1
5,Chris Basham,163,Sheff Utd,33,", D(CR),M(CR)",38,3255,1,0.3,34.6,74.7,0.2,1.8,0,6.98,0
6,Jonjo Shelvey,23,Newcastle,29,", M(C)",25,2124,2,1.7,40.2,76.9,0.8,5.5,0.1,6.97,1
7,Lucas Moura,30,Tottenham,29,", AM(CLR),FW",25,2249,4,1,22.1,73.5,0.1,0.3,0.1,6.96,10
8,Ben Chilwell,14,Leicester,24,", D(L),M(L)",27,2376,3,1.3,61.3,78.3,0.7,2,0,6.96,0
9,Nathan Redmond,18,Southampton,27,", AM(CLR),FW",32,2771,4,1.2,31.9,73.7,0.2,1.2,0,6.96,0
0,Felipe Anderson,29,West Ham,28,", M(CLR),FW",20,1508,4,1,35.8,78.8,0.4,1.7,0.1,6.96,5
1,Mateo Kovacic,15,Chelsea,27,", M(CL)",23,2073,3,0.9,60.3,89.7,0,3,0.1,6.94,8
2,John Egan,163,Sheff Utd,28,", D(C)",36,3189,0,0,35.8,80.2,0,3.1,0,6.93,0
3,Jack O'Connell,163,Sheff Utd,27,", D(C)",32,2915,1,0.5,47.2,73.5,0.3,3.8,0,6.93,1
4,Jordan Ayew,162,Crystal Palace,30,", AM(CLR),FW",37,3162,2,0.8,22,81.3,0,0.5,0.1,6.93,0
5,Alexandre Lacazette,13,Arsenal,30,", M(LR),FW",22,1878,4,0.8,16.8,76.4,0.2,0.4,0,6.92,8
6,Djibril Sidibé,31,Everton,29,", D(CLR),M(R)",18,1851,4,0.8,37.9,78.6,0.7,2.2,0,6.92,7
7,Scott McTominay,32,Man Utd,24,", D(C),DMC",20,1772,1,0.6,37.4,80.9,0.1,2.3,0.1,6.92,7
8,Phil Bardsley,184,Burnley,36,", D(LR)",21,1890,1,0.5,31.3,66.1,0.3,2.3,0.1,6.92,0
9,Mason Mount,15,Chelsea,22,", M(CLR)",32,2875,5,1.4,33.5,85.7,0.9,0.7,0.1,6.91,5
0,Kurt Zouma,15,Chelsea,26,", D(CR)",25,2344,0,0,74.3,88.5,0,5,0,6.91,3
1,Etienne Capoue,27,Watford,33,", D(C),M(CL)",30,2632,3,0.7,47.8,81.3,0.3,3.7,0.1,6.91,0
2,Tammy Abraham,15,Chelsea,24,", FW",25,2221,3,0.6,12,66.8,0.1,0.2,0,6.91,9
3,Kyle Walker,167,Man City,31,", D(CR),M(R)",28,2398,4,0.6,66.9,88.6,0.3,4.3,0,6.90,1
4,Reece James,15,Chelsea,21,", D(R),DMC,M(R)",16,1514,2,1,42.3,85.9,1.1,1.7,0,6.90,8
5,Jonny Evans,14,Leicester,33,", D(CL)",38,3386,1,0.2,65.6,86.8,0,3.1,0,6.90,0
6,N'Golo Kanté,15,Chelsea,30,", DMC",20,1733,0,1.2,51.5,84.9,0.5,1.8,0,6.90,2
7,Gerard Deulofeu,27,Watford,27,", AM(LR),FW",25,2109,5,1.6,25.8,80.2,0.5,0.8,0,6.90,3
8,Philip Billing,183,Bournemouth,25,", M(C)",29,2536,1,0.4,33.9,74.8,0,1.3,0,6.90,5
9,Dan Burn,211,Brighton,29,", D(CL),M(L)",33,2881,0,0.6,46.1,74.1,0.3,1.3,0,6.90,1
0,Lewis Dunk,211,Brighton,29,", D(C)",36,3231,3,0.4,62.5,87,0,4.6,0,6.89,0
1,Frédéric Guilbert,24,Aston Villa,26,", D(CLR),M(R)",22,2041,2,0.5,30,68.9,0.6,1.6,0,6.89,3
2,Oliver McBurnie,163,Sheff Utd,25,", AM(CL),FW",24,2121,0,0.3,17.1,60.5,0,0.3,0,6.89,12
3,Fabinho,26,Liverpool,27,", D(CR),DMC",22,2075,3,0.7,56.4,87,0.1,2.9,0,6.89,6
4,Romain Saïss,161,Wolves,31,", D(C),DMC",31,2706,1,0.4,49.3,78.4,0,4.1,0,6.88,2
5,Charlie Taylor,184,Burnley,28,", D(L),M(L)",22,1946,1,0.5,29.7,68.7,0.8,1.4,0,6.88,2
6,Bernd Leno,13,Arsenal,29,", GK",30,2650,0,0,26.7,72.3,0,2.5,0,6.88,0
7,Youri Tielemans,14,Leicester,24,", M(C)",32,2834,6,1.5,48.1,83,0.4,2.7,0.1,6.88,5
8,Ben Mee,184,Burnley,32,", D(CL)",32,2880,1,0.3,39.3,71.4,0,3.2,0,6.88,0
9,Fred,32,Man Utd,28,", M(C)",23,2189,0,1.2,57.5,87.5,0.5,3.8,0,6.87,6
0,Dele Alli,30,Tottenham,25,", M(CL),FW",21,1854,4,0.9,32.4,76.3,0,0.7,0.2,6.87,4
1,Dominic Calvert-Lewin,31,Everton,24,", AM(L),FW",30,2660,1,0.4,15.4,64,0.1,0.3,0,6.87,6
2,John Fleck,163,Sheff Utd,30,", DMC",28,2518,2,1.3,33.3,80.3,1.1,1.3,0.1,6.86,2
3,Phil Foden,167,Man City,21,", AM(CLR),FW",9,893,2,0.8,21.5,88.5,0.3,0.7,0,6.86,14
4,Matt Targett,24,Aston Villa,26,", D(L),M(L)",27,2298,2,1,33.8,72.6,0.8,1.8,0.1,6.86,1
5,Fernandinho,167,Man City,36,", D(CR),DMC",26,2399,1,0.3,74.1,89.8,0,4.4,0,6.86,4
6,Luke Shaw,32,Man Utd,26,", D(CL),M(L)",20,1764,0,0.8,47.6,87.4,0.4,0.5,0,6.85,4
7,Jorginho,15,Chelsea,29,", DMC",27,2384,2,0.7,72.8,88.4,0,4.3,0.2,6.85,4
8,Ross Barkley,15,Chelsea,27,", M(CLR)",13,1104,4,1.1,29.4,89,0.1,1.9,0.2,6.84,8
9,Dani Ceballos,13,Arsenal,25,", M(CL)",18,1699,2,1.2,52.1,87.9,0.4,3.2,0.1,6.84,6
0,Michael Keane,31,Everton,28,", D(CR)",28,2586,0,0.2,46.7,82.8,0,2.9,0,6.83,3
1,Pierre-Emile Højbjerg,18,Southampton,26,", M(C)",30,2751,1,0.9,55.2,78.1,0.3,3.2,0.1,6.83,3
2,Jan Bednarek,18,Southampton,25,", D(C)",34,3058,1,0.1,45.2,75.3,0,2.5,0,6.83,0
3,Yerry Mina,31,Everton,27,", D(C)",25,2282,1,0.2,46.9,83.8,0,3.7,0,6.83,4
4,Toby Alderweireld,30,Tottenham,32,", D(CR)",33,2958,2,0.3,59.9,81.7,0.1,4.3,0.1,6.82,0
5,Enda Stevens,163,Sheff Utd,31,", D(CL),M(L)",38,3347,4,0.9,38.7,74.9,0.5,1.8,0.1,6.82,0
6,Rúben Neves,161,Wolves,24,", DMC",35,3060,2,0.8,53.2,80.1,0.2,5.8,0.1,6.82,3
7,Oliver Norwood,163,Sheff Utd,30,", M(C)",37,3101,1,1.3,52.8,82.3,1.4,6.1,0,6.82,1
8,Christian Benteke,162,Crystal Palace,30,", FW",13,1259,1,0.8,14,54.3,0,0.3,0.1,6.81,11
9,Georginio Wijnaldum,26,Liverpool,30,", M(CLR)",35,2948,0,0.5,43.9,90.8,0,1.1,0,6.81,2
0,James McArthur,162,Crystal Palace,34,", M(CLR)",37,3105,3,0.9,38.6,78.5,0.2,1.7,0,6.81,0
1,Jonny,161,Wolves,27,", D(CLR),M(L)",33,2891,2,0.7,31.1,81.3,0.3,0.6,0,6.81,2
2,David McGoldrick,163,Sheff Utd,33,", AM(CLR),FW",22,1825,2,0.6,21.8,74.9,0.1,0.6,0,6.81,6
3,Nicolás Otamendi,167,Man City,33,", D(C)",18,1711,0,0.2,63.9,92.4,0,2.5,0,6.80,6
4,Ryan Fredericks,29,West Ham,29,", D(R),M(R)",25,2237,3,0.8,31.7,74.1,0.6,1.1,0,6.80,2
5,Adam Webster,211,Brighton,26,", D(C)",31,2670,1,0.4,60.6,83.1,0.1,3.7,0,6.79,0
6,Robert Snodgrass,29,West Ham,34,", M(CLR)",17,1513,5,1.4,21,77.8,1.6,0.7,0,6.79,7
7,Jan Vertonghen,30,Tottenham,34,", D(CL)",19,1647,1,0.1,47.9,82.8,0,1.7,0,6.79,4
8,Ashley Westwood,184,Burnley,31,", DMC",35,3150,6,1.5,49.7,78.7,1.1,3.3,0.1,6.79,0
9,George Baldock,163,Sheff Utd,28,", D(CR),M(R)",38,3420,3,0.6,29.4,75.9,1,0.6,0,6.79,0
0,Granit Xhaka,13,Arsenal,29,", D(L),M(C)",30,2591,2,0.5,61.4,88.1,0.1,4.1,0,6.78,1
1,Joe Gomez,26,Liverpool,24,", D(CLR)",22,2000,0,0.2,71,88,0.1,3.7,0,6.78,6
2,Antonio Rüdiger,15,Chelsea,28,", D(CR)",19,1711,0,0.3,74.6,86.8,0.1,5.7,0,6.77,1
3,Nick Pope,184,Burnley,29,", GK",38,3420,0,0.1,26.5,37.6,0,7.3,0,6.77,0
4,Ayoze Pérez,14,Leicester,28,", AM(CLR),FW",26,2020,4,0.8,22.2,79.7,0.2,0.3,0.1,6.77,7
5,Mason Holgate,31,Everton,24,", D(CR),M(R)",24,2084,3,0.1,39.2,84.2,0,4.2,0.1,6.77,3
6,Joshua King,183,Bournemouth,29,", AM(CLR),FW",24,2020,4,1.2,19.2,72.3,0.2,0.2,0,6.76,2
7,Harvey Barnes,14,Leicester,23,", AM(CL)",24,2094,8,1,19.4,79.5,0.1,0.3,0.1,6.76,12
8,Diogo Jota,161,Wolves,24,", AM(CLR),FW",27,2298,1,0.9,24.8,79.8,0.3,0.7,0,6.76,7
9,Wesley,24,Aston Villa,24,", FW",21,1790,1,0.5,17.6,71.8,0,0.6,0,6.76,0
0,Patrick van Aanholt,162,Crystal Palace,31,", D(L),M(L)",29,2511,2,1.1,41.9,81.2,1.1,1,0,6.76,0
1,Fabian Schär,23,Newcastle,29,", D(C)",18,1634,0,0.2,34.6,74.8,0,4.3,0,6.75,4
2,Nathan Aké,183,Bournemouth,26,", D(CL),DMC",29,2505,2,0.2,41.7,87.6,0,1.8,0,6.75,0
3,Andreas Christensen,15,Chelsea,25,", D(C),DMC",21,1754,0,0.2,62.2,91.4,0,2.5,0.1,6.75,0
4,Angelo Ogbonna,29,West Ham,33,", D(C)",31,2787,0,0.1,31.5,76.2,0,2.5,0,6.74,0
5,Mason Greenwood,32,Man Utd,20,", AM(R),FW",12,1313,1,0.5,16,86.3,0,0.6,0,6.73,19
6,Moussa Sissoko,30,Tottenham,32,", M(CR)",28,2455,1,0.6,43,87.5,0.1,1.2,0,6.73,1
7,Federico Fernández,23,Newcastle,32,", D(C)",29,2618,2,0.1,34.7,77,0.2,3.1,0,6.73,3
8,Kasper Schmeichel,14,Leicester,34,", GK",38,3420,0,0.1,27.2,75.4,0,6.5,0,6.72,0
9,Chris Wood,184,Burnley,29,", FW",29,2446,1,0.7,14.4,63,0,0.1,0,6.72,3
0,Martin Dúbravka,23,Newcastle,32,", GK",38,3420,0,0,25.5,50.6,0,7.9,0,6.72,0
1,Steve Cook,183,Bournemouth,30,", D(C)",28,2430,0,0.1,43.8,79.2,0,2.7,0,6.72,1
2,Dean Henderson,163,Sheff Utd,24,", GK",36,3240,0,0,25.9,36.8,0,7.4,0,6.72,0
3,Isaac Hayden,23,Newcastle,26,", D(C),DMC",26,2226,2,0.5,27.6,79,0.2,0.6,0,6.72,3
4,Craig Dawson,27,Watford,31,", D(CR)",26,2361,0,0.2,32.3,77.5,0,3,0,6.72,3
5,Ismaila Sarr,27,Watford,23,", AM(LR),FW",22,2030,4,0.9,17.6,81.5,0.6,0.3,0,6.71,6
6,Yves Bissouma,211,Brighton,25,", M(C)",15,1263,0,0.2,28.1,85,0,1.6,0,6.71,7
7,Alex McCarthy,18,Southampton,31,", GK",28,2520,0,0,26.6,51.5,0,7.2,0,6.71,0
8,Victor Lindelöf,32,Man Utd,27,", D(CR)",35,3124,0,0.1,59.8,86.5,0,2.1,0,6.71,0
9,Tanguy Ndombele,30,Tottenham,24,", M(C)",12,1011,2,0.6,30.1,85.6,0.1,0.9,0,6.71,9
0,Jefferson Lerma,183,Bournemouth,26,", D(R),DMC",31,2709,2,0.4,42.4,78.7,0,2.9,0,6.70,2
1,Ilkay Gündogan,167,Man City,30,", M(C)",21,2017,1,1.1,63,91.9,0.3,3.4,0,6.70,10
2,John Lundstram,163,Sheff Utd,27,", DMC",26,2456,3,0.6,34.6,82.7,0.3,2.5,0.1,6.70,8
3,Christian Kabasele,27,Watford,30,", D(C)",26,2253,2,0.2,24.8,72.7,0,2.2,0,6.70,1
4,Miguel Almirón,23,Newcastle,27,", AM(CLR),FW",35,3034,2,0.9,23,80.2,0.2,0.6,0.1,6.70,1
5,Jamaal Lascelles,23,Newcastle,27,", D(C)",24,2079,0,0.1,35.3,79.8,0,2.2,0,6.70,0
6,Conor Hourihane,24,Aston Villa,30,", M(C)",18,1539,5,1.4,22.7,82.7,1,0.7,0,6.69,9
7,Aaron Ramsdale,183,Bournemouth,23,", GK",37,3330,1,0.1,25.5,52,0,5.5,0,6.69,0
8,Mattéo Guendouzi,13,Arsenal,22,", M(C)",19,1748,1,0.5,48,88.4,0,2.9,0.1,6.69,5
9,Gary Cahill,162,Crystal Palace,35,", D(C)",25,2168,1,0.1,40.2,84.9,0,2.9,0,6.69,0
0,Vicente Guaita,162,Crystal Palace,34,", GK",35,3150,0,0,25.3,49.5,0,6.3,0,6.69,0
1,Leander Dendoncker,161,Wolves,26,", D(C),DMC",32,2795,0,0.2,34.8,83.3,0.1,1.7,0,6.68,6
2,Luka Milivojevic,162,Crystal Palace,30,", DMC",28,2514,1,0.9,46.2,82,1,3.4,0,6.67,3
3,Joelinton,23,Newcastle,25,", AM(LR),FW",32,2699,2,0.8,21.6,76.7,0.1,0.3,0.1,6.67,6
4,Mark Noble,29,West Ham,34,", M(C)",32,2686,3,1.3,45.6,82.8,0.4,3.4,0.1,6.67,1
5,Abdoulaye Doucouré,27,Watford,28,", M(C)",36,3167,2,1,45.4,78.4,0.1,1.1,0,6.67,1
6,Cheikhou Kouyaté,162,Crystal Palace,31,", D(CR),DMC",29,2538,1,0.3,24.3,73.9,0.1,0.7,0,6.67,6
7,Shane Long,18,Southampton,34,", AM(R),FW",15,1399,2,0.8,14.7,54.1,0.1,0.1,0,6.67,11
8,Aaron Mooy,211,Brighton,31,", M(CLR)",25,2090,2,1.3,31.3,81.4,0.7,1.4,0.1,6.67,6
9,Mat Ryan,211,Brighton,29,", GK",38,3420,0,0,32.1,79.2,0,6.8,0,6.67,0
0,Davinson Sánchez,30,Tottenham,25,", D(C)",27,2432,0,0,53.2,85.9,0,2.2,0,6.66,2
1,Joel Ward,162,Crystal Palace,31,", D(LR),DMC,M(R)",27,2383,0,0.2,33.1,71.2,0.2,1.5,0,6.66,2
2,Stuart Armstrong,18,Southampton,29,", AM(CLR)",19,1716,3,0.6,19.3,77,0.2,0.4,0.1,6.66,11
3,Neal Maupay,211,Brighton,25,", AM(C),FW",30,2770,3,0.7,18.1,79.6,0.1,0.4,0,6.66,7
4,Adam Masina,27,Watford,27,", D(L),M(L)",20,1819,0,0.4,26.8,63.3,0.5,1.8,0,6.66,6
5,Gylfi Sigurdsson,31,Everton,32,", M(CLR),FW",28,2595,3,1.5,29.1,83.4,1.1,1.3,0,6.65,7
6,Pascal Groß,211,Brighton,30,", M(CR),FW",22,1804,4,2,31,79.5,1.6,1.4,0.1,6.65,7
7,Bukayo Saka,13,Arsenal,20,", D(L),M(CLR)",19,1755,5,0.8,26,81.5,0.3,0.7,0.1,6.65,7
8,Davy Pröpper,211,Brighton,30,", M(C)",32,2830,2,0.8,51,84.2,0.1,2,0,6.65,3
9,Dale Stephens,211,Brighton,32,", M(C)",28,2529,1,0.6,50.8,85.7,0,3.3,0.1,6.65,5
0,Erik Pieters,184,Burnley,33,", D(L),M(L)",21,1880,4,0.8,31,72.1,0.5,1.2,0.1,6.65,3
1,Kenny McLean,168,Norwich,29,", M(C)",32,2966,1,0.6,45.4,79.4,0.3,2.2,0.1,6.64,5
2,Erik Lamela,30,Tottenham,29,", AM(CLR)",12,1212,1,0.7,21.6,83.7,0.3,0.7,0.1,6.64,13
3,Craig Cathcart,27,Watford,32,", D(CR)",28,2490,0,0.1,31.5,80.6,0,2.3,0,6.63,1
4,Ainsley Maitland-Niles,13,Arsenal,24,", D(LR),M(CLR)",15,1383,2,0.6,42,81.9,0.3,1.8,0,6.63,5
5,Kelechi Iheanacho,14,Leicester,25,", AM(C),FW",12,963,3,0.8,13.4,80.9,0,0.3,0.1,6.63,8
6,Alex Oxlade Chamberlain,26,Liverpool,28,", M(CLR)",17,1493,1,0.6,23.4,83.2,0.2,1.4,0,6.63,13
7,Tyrone Mings,24,Aston Villa,28,", D(CL)",33,2903,2,0.2,41.9,78,0,3.5,0,6.63,0
8,Douglas Luiz,24,Aston Villa,23,", M(C)",28,2608,2,0.5,33.6,82.6,0.2,2.6,0,6.63,8
9,Rui Patrício,161,Wolves,33,", GK",38,3420,0,0,19.4,59.9,0,7.3,0,6.63,0
0,Will Hughes,27,Watford,26,", M(CLR)",27,2263,1,0.8,28,78.3,0.7,0.4,0,6.63,3
1,Issa Diop,29,West Ham,24,", D(C)",31,2766,1,0.2,30.4,78,0,1.5,0,6.62,1
2,Giovani Lo Celso,30,Tottenham,25,", M(CR),FW",15,1489,2,1,34.5,85,0.4,1.5,0.1,6.62,13
3,Alisson,26,Liverpool,29,", GK",29,2545,1,0,27.8,84.6,0,4,0,6.62,0
4,Lukasz Fabianski,29,West Ham,36,", GK",25,2119,0,0,22.9,50.9,0,8,0,6.62,0
5,Ederson,167,Man City,28,", GK",35,3072,0,0,25.7,86,0,3.5,0,6.62,0
6,Aaron Cresswell,29,West Ham,31,", D(CL),M(L)",31,2730,0,0.8,40.4,74.6,0.8,2.2,0,6.62,0
7,Tim Krul,168,Norwich,33,", GK",36,3240,0,0,38.4,64.2,0,6.9,0,6.61,0
8,Daniel James,32,Man Utd,23,", AM(LR),FW",26,2292,6,0.8,21.2,78.7,0.5,0.4,0.1,6.61,7
9,Jack Cork,184,Burnley,32,", DMC",30,2618,0,0.4,30.8,77.9,0,1.6,0,6.61,0
0,Jack Stephens,18,Southampton,27,", D(CR)",27,2453,3,0.3,45.6,72.4,0,3.6,0.1,6.60,1
1,Ryan Bertrand,18,Southampton,32,", D(CL),M(L)",31,2744,1,0.9,38.4,76,1.1,1.3,0.1,6.60,1
2,Trézéguet,24,Aston Villa,27,", AM(LR)",20,1951,1,0.6,10.7,75.2,0.3,0.3,0,6.59,14
3,Séamus Coleman,31,Everton,33,", D(CR),M(R)",21,1839,1,0.3,30.5,78,0.1,1.2,0,6.59,6
4,Javier Manquillo,23,Newcastle,27,", D(LR),M(R)",18,1602,1,0.2,22.6,75.4,0.2,0.8,0,6.59,3
5,Todd Cantwell,168,Norwich,23,", AM(LR)",30,2504,2,0.9,28.8,81.9,0,0.8,0,6.59,7
6,Jay Rodriguez,184,Burnley,32,", AM(CLR),FW",20,2011,1,0.2,12.9,69.8,0,0.2,0,6.59,16
7,David Luiz,13,Arsenal,34,", D(C),DMC",32,2811,1,0.1,54.5,85.1,0.1,4.9,0.1,6.58,1
8,Tom Heaton,24,Aston Villa,35,", GK",20,1795,0,0,26.4,52.2,0,6,0,6.57,0
9,Ryan Fraser,183,Bournemouth,27,", M(CLR),FW",21,2063,4,1.6,27.5,79.9,1,1,0.1,6.57,7
0,David de Gea,32,Man Utd,30,", GK",38,3450,0,0,20.7,74.4,0,2.5,0,6.57,0
1,Harry Winks,30,Tottenham,25,", DMC",26,2230,0,0.6,54.6,90.3,0.2,2.5,0.1,6.57,5
2,James Milner,26,Liverpool,35,", D(LR),M(CLR)",9,927,2,0.5,34,87,0.1,2.2,0.1,6.56,13
3,Alex Iwobi,31,Everton,25,", M(CLR)",19,1604,0,1,22.3,79.7,0.5,1.1,0.2,6.56,6
4,Bernard,31,Everton,29,", AM(CL)",15,1311,2,0.9,20,77,0.2,0.6,0.1,6.56,12
5,Adam Smith,183,Bournemouth,30,", D(LR),M(LR)",24,2060,1,0.4,35,79.5,0.3,1.1,0,6.56,0
6,Callum Hudson-Odoi,15,Chelsea,20,", M(LR)",7,852,5,0.9,18.7,85.9,0.8,1.3,0,6.56,15
7,Andros Townsend,162,Crystal Palace,30,", AM(LR),FW",14,1290,1,0.5,16.4,76.6,0.7,0.5,0,6.56,10
8,Marc Albrighton,14,Leicester,31,", M(LR)",9,864,3,1,20.4,75.2,0.6,1.2,0.1,6.55,11
9,Oriol Romeu,18,Southampton,30,", DMC",20,1860,0,0.6,35.9,80.7,0.1,1.5,0,6.55,10
0,Manuel Lanzini,29,West Ham,28,", M(CLR)",14,1378,2,1.3,31.5,86.9,0.6,1,0,6.55,10
1,Andreas Pereira,32,Man Utd,25,", M(CLR)",18,1490,3,1.3,28,78.3,0.4,1.2,0,6.55,7
2,Max Aarons,168,Norwich,21,", D(R)",36,3240,1,0.6,37.2,78.9,0.4,1.1,0,6.55,0
3,Jeff Hendrick,184,Burnley,29,", M(CR)",22,1935,2,0.6,22.7,75.6,0.3,0.8,0,6.55,2
4,Leandro Trossard,211,Brighton,26,", AM(CLR),FW",22,2016,3,1.4,22.9,74.5,0.6,1.3,0,6.54,9
5,Anwar El Ghazi,24,Aston Villa,26,", AM(LR),FW",26,2062,4,0.9,14.1,72.4,0.8,0.4,0,6.54,8
6,Teemu Pukki,168,Norwich,31,", AM(C),FW",33,2894,3,0.8,14.7,79.8,0,0.1,0,6.53,3
7,Kiko Femenía,27,Watford,30,", D(LR),M(R)",26,2244,0,0.6,34,78.6,0.7,1.3,0,6.53,2
8,Lucas Torreira,13,Arsenal,25,", DMC",17,1510,1,0.5,31.1,87.8,0.1,1.2,0,6.52,12
9,Sofiane Boufal,18,Southampton,28,", AM(CLR),FW",8,760,2,0.8,14.4,77.4,0.2,0.3,0,6.52,12
0,Ben Foster,27,Watford,38,", GK",38,3420,0,0,28.7,40.4,0,8.5,0,6.52,0
1,Harry Wilson,183,Bournemouth,24,", AM(CLR)",20,1654,0,0.5,18.5,76,0.1,1.4,0.1,6.52,11
2,Martín Montoya,211,Brighton,30,", D(LR),M(R)",23,1901,1,0.8,37.2,76.5,0.5,1.8,0,6.52,4
3,Christian Eriksen,30,Tottenham,29,", M(CLR)",10,1092,2,1.2,33.7,80.3,0.6,1.5,0.1,6.51,10
4,Andriy Yarmolenko,29,West Ham,31,", AM(R),FW",10,990,1,0.8,17.5,80.6,0.2,1,0,6.51,13
5,Conor Coady,161,Wolves,28,", D(CR),DMC",38,3420,0,0.1,48.7,85,0,7.6,0.1,6.51,0
6,Callum Wilson,183,Bournemouth,29,", FW",32,2911,1,0.8,14.6,64.5,0.1,0.3,0,6.51,3
7,Alexander Tettey,168,Norwich,35,", M(C)",28,2352,1,0.2,43.1,88.1,0,1.6,0,6.51,2
8,Onel Hernández,168,Norwich,28,", AM(CLR),FW",14,1381,2,0.7,12,77.2,0,0.1,0,6.50,12
9,Sead Kolasinac,13,Arsenal,28,", D(CL),DMC,M(L)",19,1700,2,0.4,34.6,85.6,0.2,0.8,0,6.50,7
0,Demarai Gray,14,Leicester,25,", AM(CLR),FW",3,609,3,0.8,13.9,87.3,0.4,0.5,0,6.49,18
1,Dwight Gayle,23,Newcastle,31,", AM(LR),FW",10,849,2,0.3,7.3,69,0.1,0.2,0,6.48,10
2,Pablo Fornals,29,West Ham,25,", M(CLR)",24,2179,5,0.5,23.4,78.8,0.3,1.1,0,6.48,12
3,Lys Mousset,163,Sheff Utd,25,", FW",11,1235,4,0.4,8,69.6,0,0.1,0,6.48,19
4,Marvelous Nakamba,24,Aston Villa,27,", DMC",19,1836,0,0.4,27,84.3,0,0.8,0,6.47,10
5,Ezri Konsa,24,Aston Villa,23,", D(CR)",24,2044,2,0.4,30.9,78,0.2,1.4,0,6.47,1
6,Tom Davies,31,Everton,23,", M(C)",23,2057,0,0.2,29.3,77.5,0.1,1.6,0,6.47,7
7,Theo Walcott,31,Everton,32,", M(CLR),FW",17,1297,3,0.8,14.2,68.9,0.4,0.1,0.2,6.46,8
8,Jamal Lewis,168,Norwich,23,", D(L),M(L)",25,2304,0,0.5,37.3,78.9,0.4,1.1,0,6.46,3
9,Che Adams,18,Southampton,25,", AM(CL),FW",12,1107,2,0.4,8.3,64.9,0,0.2,0.1,6.45,18
0,Pedro Neto,161,Wolves,21,", AM(CLR),FW",9,929,3,0.5,12,83.4,0.3,0.3,0,6.45,20
1,Ben Godfrey,168,Norwich,23,", D(CLR)",30,2646,0,0.1,55.3,87.9,0,3.2,0,6.45,0
2,Dan Gosling,183,Bournemouth,31,", M(C)",14,1262,1,0.4,21.7,77.3,0.1,0.7,0,6.43,10
3,Divock Origi,26,Liverpool,26,", AM(LR),FW",7,706,1,0.3,7,70.9,0.1,0.2,0,6.42,21
4,James McCarthy,162,Crystal Palace,30,", M(C)",16,1673,0,0.5,23.7,77.8,0.3,1.6,0,6.42,17
5,Dominic Solanke,183,Bournemouth,24,", FW",17,1645,1,0.5,13.5,69.6,0,0.3,0,6.41,15
6,Nathaniel Chalobah,27,Watford,26,", DMC",10,926,1,0.4,15.7,73.7,0.2,0.5,0,6.41,12
7,Jordan Pickford,31,Everton,27,", GK",38,3450,0,0,31.2,60.1,0,7.7,0,6.40,0
8,Dennis Praet,14,Leicester,27,", AM(CR)",12,1135,2,0.3,19.3,85,0.1,0.8,0,6.39,15
9,Sean Longstaff,23,Newcastle,23,", DMC",14,1373,1,0.7,27.4,79.2,0.3,1.5,0,6.37,9
0,Aaron Connolly,211,Brighton,21,", FW",14,1266,1,0.3,6.1,77.4,0,0,0,6.37,10
1,Kepa Arrizabalaga,15,Chelsea,27,", GK",33,2970,0,0,28.4,79.7,0,4,0,6.36,0
2,Hamza Choudhury,14,Leicester,24,", DMC",10,889,1,0.2,24.8,86.1,0,1,0,6.35,10
3,Roberto Pereyra,27,Watford,30,", M(CLR),FW",17,1653,0,0.7,21.9,85.2,0.2,0.4,0,6.35,11
4,Michael Obafemi,18,Southampton,21,", FW",8,663,2,0.5,6.5,80.3,0,0.1,0,6.34,13
5,Billy Sharp,163,Sheff Utd,35,", FW",10,1048,2,0.6,8.5,74.1,0,0.1,0,6.34,15
6,Moise Kean,31,Everton,21,", FW",6,866,2,0.3,4.3,76.8,0.1,0,0,6.32,23
7,Joseph Willock,13,Arsenal,22,", M(C)",8,849,1,0.4,11.8,82.8,0.1,0.4,0,6.31,21
8,Lewis Cook,183,Bournemouth,24,", M(CL)",14,1346,0,0.4,26.7,78.8,0,1.6,0.1,6.31,13
9,Jesse Lingard,32,Man Utd,28,", AM(CLR),FW",9,932,0,0.9,17.8,87.7,0,0.2,0,6.30,13
0,Adrian Mariappa,27,Watford,35,", D(CR)",15,1509,0,0.2,23.1,73.2,0.3,1.3,0,6.25,5
1,Glenn Murray,211,Brighton,38,", FW",7,790,1,0.1,7.3,61.7,0,0,0,6.25,16
2,Marco Stiepermann,168,Norwich,30,", D(L),M(CLR)",14,1189,0,0.5,16.8,71.5,0,0.4,0,6.22,10
3,Mario Vrancic,168,Norwich,32,", M(CL)",6,630,0,0.4,22.6,78.3,0,0.8,0,6.17,14
4,Andre Gray,27,Watford,30,", FW",7,747,0,0.4,6.5,65.3,0,0.2,0,6.15,16
5,Josip Drmic,168,Norwich,29,", AM(LR),FW",5,642,0,0.2,7.6,77.5,0,0.1,0,6.03,16
