,player_name,team_number,team_name,age,position,Apps,Mins,Assists,KeyP,AvgP,PS%,Crosses,LongB,ThrB,Rating,Goals,Yel,Red,SpG,AerialsWon,MoM,Dribble,Fouled,Off,Disp,UnsTch,Tackles,Inter,Fouls,Offsides,Clear,Drb,Blocks,OwnG
0,Harry Kane,30,Tottenham,30," AM(C),FW  ",35,3087,14,1.4,25.9,69.9,0.2,1.9,0.1,7.79,23,1,0,3.9,2.2,13,1.5,1.7,0.4,1.5,1.8,0.6,0.3,0.7,0,1.1,0.5,0.3,0
1,Kevin De Bruyne,167,Man City,32," M(CLR),FW  ",23(2),2001,12,3.2,50.6,81.7,1.6,2.6,0.2,7.65,6,1,0,3.2,0.2,8,1.9,1.2,0,1.3,1.8,1.4,0.4,1.1,0,0.3,1.4,0,0
2,Jack Grealish,24,Aston Villa,28," AM(CL),FW  ",24(2),2184,10,3.1,38.3,83.3,0.7,1.2,0.1,7.56,6,6,0,1.9,1,4,2.5,4.2,0.3,1.5,2.1,1.2,0.5,1.5,0,0.2,0.3,0.1,0
3,Bruno Fernandes,32,Man Utd,29, M(CLR)  ,35(2),3110,12,2.6,57.1,78.3,1.1,3.8,0.2,7.43,18,6,0,3.3,0.4,6,0.6,1.4,0.1,1,1.5,1.5,0.7,1.2,0,0.7,2,0,0
4,Tomás Soucek,29,West Ham,28, M(C)  ,38,3420,1,0.5,42.3,75.5,0,2.2,0,7.36,10,7,1,1.7,6.2,6,0.4,1.1,0.1,0.6,1.1,2.1,1.6,1.8,0.1,2.7,1.3,0.5,1
5,Mason Mount,15,Chelsea,24, M(CLR)  ,32(4),2892,5,2.4,47.3,86.5,1.7,1.6,0,7.33,6,2,0,2.3,0.6,4,1.2,1.2,0.1,1.1,1.6,2.1,0.9,1.4,0,0.3,1.2,0.1,0
6,Sadio Mané,26,Liverpool,31," AM(CLR),FW  ",31(4),2813,7,1.7,28.8,78.7,0.3,0.8,0,7.33,11,3,0,2.7,1,7,2.3,2.2,0.9,1.7,2.9,1.4,0.4,1.5,0,0.3,0.6,0,0
7,Riyad Mahrez,167,Man City,32," AM(CLR),FW  ",23(4),1955,6,1.6,37.2,88.4,0.7,0.9,0,7.31,9,0,0,2.1,0.6,4,1.7,1.1,0.3,1.1,1.7,0.7,0.3,0.5,0,0.1,0.9,0,0
8,João Cancelo,167,Man City,29," D(LR),M(R)  ",27(1),2302,3,1.6,66.2,87.1,0.4,2.4,0.1,7.31,2,5,1,1.3,1.1,2,1.7,0.6,0.1,0.8,1.3,2.4,1.5,1.3,0.3,1,1.4,0.1,0
9,Gareth Bale,30,Tottenham,34," M(CLR),FW  ",10(10),923,2,1.1,18.3,73.2,0.6,1.5,0.1,7.30,11,1,0,1.9,1.2,4,1.4,0.5,0.3,0.4,0.9,0.9,0.4,0.5,0.1,0.7,0.4,0.1,0
10,Ilkay Gündogan,167,Man City,33, M(C)  ,23(5),2031,2,1.5,61.2,91.7,0.3,1.6,0,7.29,13,1,0,1.9,0.4,2,1,0.9,0,0.5,1.1,0.9,0.7,0.3,0,0.3,1,0.1,0
11,Son Heung-Min,30,Tottenham,31," M(CLR),FW  ",36(1),3127,10,2,28.6,83.4,1,0.8,0,7.27,17,0,0,1.8,0.5,0,1.1,1.5,0.4,1.4,1.6,0.9,0.4,0.4,0,0.1,1.5,0.1,0
12,Wilfred Ndidi,14,Leicester,26," D(C),DMC  ",25(1),2179,4,0.6,55.1,86.9,0,2,0,7.25,1,6,0,0.6,2.2,1,0.6,0.6,0,0.5,1,3.7,2.3,2.1,0.1,2,1.5,0.4,0
13,Raphinha,19,Leeds,26," AM(LR),FW  ",26(4),2364,9,2.1,29.2,72.3,1.3,1.5,0,7.22,6,3,0,2.2,0.3,4,1.9,1,0.5,1.1,2.8,1.1,1,0.4,0,0.9,1.5,0,0
14,Raheem Sterling,167,Man City,28," M(CLR),FW  ",28(3),2537,7,1.3,35.9,86.2,0,0.3,0,7.22,10,4,0,2.3,0.3,4,2.1,1.3,0.3,2.7,2,0.7,0.5,1.2,0,0.1,0.2,0,0
15,James Rodríguez,31,Everton,32," AM(CLR),FW  ",21(2),1776,4,1.7,44.8,83.3,0.7,4.3,0.2,7.21,6,4,0,1.6,0.3,3,1.5,1.7,0.3,1.7,1.4,1.2,0.7,0.7,0,0,1.5,0,0
16,Ollie Watkins,24,Aston Villa,27," AM(LR),FW  ",37,3329,5,1.2,21.7,71.5,0.1,0.2,0,7.18,14,2,1,2.6,3.7,4,1.1,1.3,0.8,2.3,3.1,0.8,0.2,1.3,0,0.6,0.6,0.1,0
17,Rodri,167,Man City,27," D(C),DMC  ",31(3),2749,2,1,81.9,91.3,0.1,4.6,0,7.17,2,6,0,0.9,2.4,1,0.8,0.9,0.1,0.6,0.7,2.1,1.1,1.3,0,1.6,1,0.3,0
18,Michail Antonio,29,West Ham,33," D(R),M(CLR),FW  ",24(2),1984,5,1,17.4,68.2,0.1,0.5,0,7.17,10,3,0,2.4,2.8,2,1.7,1.5,0.6,1.9,3,0.3,0.3,1.1,0,0.3,0.2,0.1,0
19,Dominic Calvert-Lewin,31,Everton,26," AM(L),FW  ",32(1),2876,0,0.5,20.5,68.7,0.1,0.5,0,7.17,16,3,0,2.5,4.7,4,0.7,1.2,0.5,0.9,3.1,0.5,0.2,1.1,0,1,0.2,0.2,0
20,Aaron Wan-Bissaka,32,Man Utd,26," D(R),M(R)  ",34,3060,4,0.9,53.1,84.9,0.4,0.8,0,7.15,2,3,0,0.2,1.1,3,1,0.4,0,0.6,1,2.6,1.8,0.9,0.2,1.8,0.4,0.5,0
21,Phil Foden,167,Man City,23," AM(CLR),FW  ",17(11),1614,5,1.3,27.2,88.2,0.5,0.3,0,7.14,9,0,0,1.6,0.6,3,1.4,1.2,0.1,0.5,1.7,0.8,0.4,0.4,0,0.4,0.5,0,0
22,Marcus Rashford,32,Man Utd,26," AM(CLR),FW  ",33(4),2928,9,1.2,32.1,82.1,0.2,0.9,0,7.13,11,4,0,2.1,0.7,3,2.2,1.1,0.7,1.4,2.1,0.5,0.2,0.7,0.1,0.3,0.5,0.1,0
23,Thiago Alcântara,26,Liverpool,32, M(C)  ,20(4),1858,0,1.3,71.7,89.6,0,5,0.1,7.12,1,4,0,0.9,1.3,2,1.4,1,0,0.8,1,2.5,1.3,2,0,0.5,1.3,0,0
24,Allan Saint-Maximin,23,Newcastle,26," AM(CLR),FW  ",19(6),1568,4,1.2,16.7,82.5,0.2,0.6,0,7.12,3,0,0,1.2,0.3,5,3.8,1.8,0.2,2.1,2.2,0.6,0.2,0.4,0,0,0.2,0,0
25,Gabriel Jesus,167,Man City,26," AM(LR),FW  ",22(7),2060,4,1.1,25.2,85,0.1,0.4,0,7.11,9,2,0,1.9,0.7,1,1.7,1.6,0.6,1.3,2,0.6,0.5,1,0,0.2,0.6,0,0
26,Pedro Neto,161,Wolves,23," AM(CLR),FW  ",30(1),2559,6,2,32.9,88.4,1.9,0.5,0,7.11,5,4,0,2,0.6,5,2.1,1.4,0.1,1.3,2.5,0.5,1,0.8,0,0.2,0.7,0.1,0
27,Adama Traoré,161,Wolves,27," M(CLR),FW  ",28(9),2645,2,1.5,18.9,76.3,0.6,0.4,0,7.11,2,4,0,1.2,2,4,4.1,2.3,0.2,1.8,3,0.8,0.2,1.3,0,0.3,0.2,0,0
28,Roberto Firmino,26,Liverpool,32," M(CLR),FW  ",33(3),2852,7,1.2,36.1,80.7,0,0.6,0.1,7.11,9,2,0,2.3,0.6,4,1.6,0.4,0.1,1.3,2.2,0.9,0.3,0.6,0,0.3,0.7,0.1,0
29,Jamie Vardy,14,Leicester,36," AM(L),FW  ",31(3),2846,9,0.8,12.8,67.5,0.1,0.1,0,7.11,15,1,0,2.4,1.5,3,0.8,0.7,1.1,0.4,1.7,0.5,0.1,0.8,0.1,0.9,0.4,0.1,0
30,Youri Tielemans,14,Leicester,26, M(C)  ,37(1),3358,4,1.3,65.2,81.7,0.6,3,0.2,7.09,6,6,0,1.3,0.9,2,1.1,1.4,0,0.9,1.1,2.3,1.2,1,0,0.4,1.7,0.2,0
31,Lucas Digne,31,Everton,30," D(CL),M(L)  ",30,2682,7,1.5,42.2,77.5,1.5,1.3,0,7.08,0,2,1,0.4,3.1,1,0.6,0.7,0.1,0.7,1.1,2.1,1,1.1,0.1,2.4,0.8,0.1,0
32,Christian Benteke,162,Crystal Palace,32, FW  ,21(9),1819,1,0.5,19.2,58.6,0,0.3,0,7.08,10,1,1,2.4,6.8,2,0.5,0.7,0.5,0.9,2,0.5,0.1,1.2,0,1.3,0.2,0.2,0
33,Bernardo Silva,167,Man City,29," M(CLR),FW  ",24(2),2071,6,1,52.8,91.8,0.1,1.9,0,7.07,2,5,0,1.1,0.5,3,1.6,0.7,0.1,0.9,1.3,1,0.7,0.7,0,0.2,1.6,0,0
34,Kurt Zouma,15,Chelsea,29, D(CR)  ,22(2),2025,0,0.2,74,90.9,0,3.8,0,7.07,5,3,0,1.1,3.6,1,0.1,0.3,0,0.2,0.3,0.7,1.2,0.7,0.5,3.8,0.2,0.4,0
35,Solly March,211,Brighton,29, M(CLR)  ,19(2),1675,1,1.3,34.1,76,0.9,2,0,7.07,2,0,0,1,0.7,2,2.1,1.2,0.1,1.1,1,2.3,1,1.2,0,1,0.8,0.2,0
36,James Ward-Prowse,18,Southampton,29, M(CR)  ,38,3420,7,1.6,64.1,86.4,1.4,2.1,0,7.07,8,5,0,1.1,1.2,2,0.4,0.7,0,0.4,0.9,2,1.1,1.2,0,1.4,1.1,0.1,0
37,Mohamed Salah,26,Liverpool,31," AM(CLR),FW  ",34(3),3082,5,1.5,34.1,83.7,0.2,0.6,0.1,7.07,22,0,0,3.4,0.5,3,1,0.6,0.4,2.2,3.1,0.5,0,0.6,0,0.3,0.2,0,0
38,Liam Cooper,19,Leeds,32, D(C)  ,25,2188,0,0,65.9,85.6,0,3.8,0,7.06,1,4,1,0.6,3.8,2,0.2,1.1,0,0,0.3,2.7,2.4,0.9,0.5,2.7,0.9,1.3,0
39,Sèrge Aurier,30,Tottenham,30," D(CLR),M(R)  ",19,1609,3,0.9,41.7,80.8,0.5,1.1,0.1,7.06,2,0,0,0.8,1.9,0,0.9,0.8,0.1,0.7,1.5,2.9,1,1.2,0.2,2.2,1.3,0.3,0
40,Paul Pogba,32,Man Utd,30, M(CL)  ,21(5),1896,3,1,51.3,83,0.1,3.7,0.1,7.06,3,3,0,1.2,2.1,4,1.7,1.5,0.2,1.9,2.1,1.4,1,1.6,0,1.4,0.8,0.1,0
41,Harry Maguire,32,Man Utd,30, D(C)  ,34,3048,1,0.2,65.5,87.3,0,4.5,0,7.04,2,11,0,1.1,4,4,0.2,0.9,0,0.2,0.3,0.9,1.8,1.2,0.6,3.6,0.3,0.7,0
42,John Stones,167,Man City,29," D(CR),DMC  ",22,1934,0,0.1,78.5,93.3,0,2.8,0,7.03,4,0,1,0.7,1.7,1,0.5,0.4,0,0.1,0.2,1,0.8,0.3,0.7,2.5,0.2,0.7,0
43,James Justin,14,Leicester,25," D(CLR),M(LR)  ",23,2070,1,0.9,45.8,80.5,0.3,1.2,0,7.03,2,4,0,0.4,1.1,1,0.8,1.7,0.1,0.6,1.3,2.7,1.3,0.7,0.2,1.9,0.9,0.4,0
44,Luke Shaw,32,Man Utd,28," D(CL),M(L)  ",30(2),2657,5,2.3,50.3,85,1.8,0.9,0,7.03,1,8,0,0.3,1.2,2,1.1,0.9,0.1,0.7,0.8,1.4,0.6,1.3,0.1,1.2,0.5,0.3,1
45,Patrick Bamford,19,Leeds,30," AM(CLR),FW  ",37(1),3066,7,0.8,13.3,77.3,0,0.1,0.1,7.03,17,3,0,2.8,1.2,3,0.5,0.6,0.5,0.6,2.2,0.6,0.3,0.9,0,1,0.5,0.1,0
46,James Tarkowski,184,Burnley,31, D(C)  ,36,3240,0,0.3,35,70.1,0.1,3.6,0,7.02,1,6,0,0.6,4.6,3,0.3,0.8,0.1,0.1,0.5,1.8,1.2,0.8,0.6,4.4,0.7,1.2,0
47,Antonio Rüdiger,15,Chelsea,30, D(CLR)  ,19,1710,0,0.2,80.2,89.4,0.1,4,0,7.02,1,0,0,0.7,2.2,0,0.2,0.6,0.1,0.1,0.5,1.6,0.9,0.8,0.5,2.7,0.2,0.5,1
48,Trent Alexander-Arnold,26,Liverpool,25," D(R),DMC,M(R)  ",34(2),3033,7,2.1,66.1,79.4,1.9,4.2,0.1,7.02,2,2,0,1.5,0.2,2,0.9,0.3,0.1,0.6,0.9,1.6,1.4,0.6,0.4,1.2,0.6,0.1,0
49,Wesley Fofana,14,Leicester,22, D(C)  ,27(1),2265,0,0.2,60.3,86.4,0,2.7,0,7.01,0,7,0,0.4,3.3,0,0.5,1,0.1,0.4,1,1.8,2.2,1.3,0.5,3.3,0.5,0.6,0
50,Declan Rice,29,West Ham,24," D(C),DMC  ",32,2880,1,0.7,47.7,88,0.3,2.3,0,7.01,2,2,0,0.8,1.4,1,0.9,0.4,0.1,0.6,1.1,1.8,1.8,0.7,0,1.1,0.9,0.3,0
51,Kalvin Phillips,19,Leeds,27," D(C),DMC  ",28(1),2431,2,1.2,48.4,84.7,1,4.7,0.1,7.01,1,10,0,0.5,1,1,0.7,1.1,0,0.6,1.4,2.6,1.6,1.6,0.1,1.7,1.2,0.5,0
52,James Maddison,14,Leicester,27, AM(CLR)  ,24(7),2105,5,1.6,32.9,83.3,0.8,1.1,0.1,7.00,8,4,0,2.4,0.1,2,0.9,1.8,0.2,1.1,1.8,1,0.3,0.6,0,0.1,0.9,0,0
53,Ben Chilwell,15,Chelsea,26," D(L),M(L)  ",27,2290,5,1.1,54.4,82,1,1.9,0,7.00,3,3,0,1,1.4,2,0.6,1.5,0.3,0.7,1.3,1.6,0.9,0.9,0.1,1.7,0.7,0.1,0
54,Emiliano Martínez,24,Aston Villa,31, GK  ,38,3420,0,0.1,29.8,62.5,0,7,0,7.00,0,1,0,0,0.3,3,0,0.2,0,0,0,0.1,0.1,0,0,0.4,0,0,0
55,André-Frank Zambo Anguissa,170,Fulham,28, M(C)  ,29(7),2587,3,0.8,39.3,84.2,0.1,1.1,0.1,6.99,0,6,0,0.9,1.8,4,2.7,0.8,0,1.4,2,2.2,1.6,1.2,0,0.4,1.1,0.2,0
56,Yves Bissouma,211,Brighton,27, M(C)  ,35(1),3114,0,0.4,46.8,87.4,0,2.1,0,6.98,1,8,1,1.2,1.1,0,1.5,0.9,0,0.8,0.9,2.9,1.8,1.5,0,1.8,0.9,0.2,0
57,Richarlison,31,Everton,26," AM(CLR),FW  ",33(1),2872,3,0.7,22,70,0.1,0.4,0.1,6.98,7,4,1,2.4,1.2,4,1.8,2.1,0.7,1.6,2,1.4,0.4,1,0,1,1,0.1,0
58,Harvey Barnes,14,Leicester,25, AM(CL)  ,22(3),1950,4,1,24.2,75.2,0.1,0.7,0,6.98,9,0,0,2.2,1,2,1.6,1.3,0,1.2,2.3,0.8,0.3,0.6,0,0.4,0.7,0.1,0
59,Jack Harrison,19,Leeds,27," AM(CLR),FW  ",34(2),2858,8,1.6,27.5,74,0.9,0.9,0,6.96,8,2,0,1.3,0.7,4,1.2,0.6,0.3,1.8,2.6,1.8,0.4,0.8,0,0.5,0.9,0.1,0
60,Matheus Pereira,175,WBA,27, AM(CLR)  ,30(3),2582,6,1.8,28.5,79.6,1.1,1.5,0.2,6.96,11,2,1,2,0.4,2,1.2,1.6,0.4,1.4,2.2,0.8,0.9,1,0,0.4,1.3,0,0
61,Vladimír Coufal,29,West Ham,31," D(R),M(R)  ",34,3055,7,1.3,37.6,71.2,1,1,0,6.95,0,3,0,0.4,1.6,1,0.4,1,0,0.5,1.1,2.1,1.2,0.9,0.3,2.6,1.1,0.2,0
62,Pierre-Emile Højbjerg,30,Tottenham,28, M(C)  ,38,3420,4,0.4,72.8,88.5,0,2.8,0,6.95,2,9,0,0.4,1.2,1,0.6,1.4,0,0.5,1,2.6,1.3,1.8,0,1.7,2,0.2,0
63,Luke Ayling,19,Leeds,32," D(CR),M(R)  ",38,3400,0,0.7,62.7,79,0.4,4.6,0.1,6.94,0,7,0,0.6,1.7,0,1.1,1.4,0.1,0.6,1.4,2.8,0.9,0.8,0.4,2,1,0.9,0
64,Reece James,15,Chelsea,23," D(CR),DMC,M(R)  ",25(7),2367,2,1.3,53,88.4,1.1,2.3,0,6.94,1,3,0,1.1,1.3,1,1.1,0.5,0,0.7,0.8,1.7,0.5,1,0.1,1.3,0.7,0.2,0
65,Oriol Romeu,18,Southampton,32, DMC  ,20(1),1768,1,0.7,60.7,82.6,0.1,1.8,0,6.93,1,6,0,0.7,1.5,2,0.7,1.1,0,0.9,1.1,3.3,1.4,1.4,0,0.7,2,0.3,0
66,Matty Cash,24,Aston Villa,26," D(R),M(CLR)  ",28,2380,2,0.8,36,75.7,0.8,2,0,6.93,0,6,1,0.3,1.3,1,0.4,0.8,0.1,0.5,0.7,2.5,2.1,1.3,0.1,2.9,1.2,0.4,0
67,Scott McTominay,32,Man Utd,26," D(C),DMC  ",24(8),2128,1,0.5,40.6,87,0.1,2.1,0,6.93,4,3,0,0.8,1.5,0,0.8,1.3,0,0.5,1.3,1.6,0.9,1.5,0,1.3,0.4,0.3,0
68,Ben Mee,184,Burnley,34, D(CL)  ,30,2694,0,0.2,37.4,71.1,0,3.7,0,6.93,2,3,0,0.7,3.7,2,0.1,0.6,0,0.1,0.3,1.1,1.4,0.5,0.7,4.9,0.5,1.5,0
69,Fred,32,Man Utd,30, M(C)  ,27(3),2397,0,0.8,60.2,87.7,0,3.3,0.1,6.92,1,5,0,0.8,0.3,0,0.8,1,0,1,1,2.7,1.5,1.5,0,0.7,2,0.3,0
70,César Azpilicueta,15,Chelsea,34," D(CLR),M(R)  ",24(2),2191,2,1,72.6,86.9,0.3,1.5,0.1,6.92,1,5,1,0.4,2.1,1,0.2,0.5,0.2,0.2,0.7,2,1.1,1.2,0.1,2.3,0.7,0.2,0
71,Ademola Lookman,170,Fulham,26," AM(CLR),FW  ",31(3),2756,4,1.8,30.9,80.9,0.9,0.6,0.1,6.92,4,5,0,2,0.2,2,2.4,1.7,0.4,2.1,3.1,1,0.6,1.4,0,0.2,0.9,0,0
72,Michael Keane,31,Everton,30, D(CR)  ,33(2),2990,1,0.2,55.4,87.2,0,3.7,0,6.92,3,4,0,0.5,3.2,2,0.1,0.2,0,0.1,0.2,0.8,1.5,0.4,0.3,4.5,0.5,0.9,0
73,Rúben Dias,167,Man City,26, D(C)  ,32,2845,0,0.1,84.8,93.2,0,3.4,0,6.91,1,4,0,0.4,1.9,0,0.2,0.6,0,0.1,0.3,0.8,1.1,0.7,0.3,2.8,0.4,0.7,1
74,Thiago Silva,15,Chelsea,39, D(C)  ,23,1938,0,0.2,84.3,93,0,5,0,6.91,2,3,1,0.6,2,0,0.1,0.7,0,0.1,0.3,0.9,1.4,0.6,0.6,3.6,0.3,0.6,0
75,Illan Meslier,19,Leeds,23, GK  ,35,3150,0,0,30.9,77.1,0,4.8,0,6.91,0,0,0,0,0.6,3,0,0.3,0,0,0.1,0,0,0,0,1.2,0,0,1
76,Matt Targett,24,Aston Villa,28," D(L),M(L)  ",38,3405,2,1,44.3,78,0.7,3.1,0,6.90,0,7,0,0.2,1.9,0,0.4,0.6,0,0.2,0.6,2.2,1.4,0.7,0.2,2.3,0.8,0.4,0
77,Nélson Semedo,161,Wolves,30," D(LR),M(R)  ",34,2988,1,0.6,46.1,81,0.5,1.6,0,6.90,1,5,0,0.7,1.2,1,1.8,1,0.1,0.8,1.6,2.5,1.2,1.2,0.2,2.1,0.9,0.3,1
78,Diogo Jota,26,Liverpool,26," AM(CLR),FW  ",12(7),1113,0,0.6,22.4,74.9,0.1,0.4,0.1,6.89,9,2,0,2.4,0.7,0,1.1,1.1,0.1,1.1,2.1,0.6,0.3,1.3,0,0.2,1.4,0,0
79,Jannik Vestergaard,18,Southampton,31, D(C)  ,29(1),2575,0,0.2,58.8,83.6,0,3.6,0,6.89,3,3,1,0.8,3.3,1,0.2,0.4,0,0.2,0.4,1.7,1.4,0.6,0.5,4,0.6,0.5,0
80,Alexandre Lacazette,13,Arsenal,32," M(CLR),FW  ",22(9),1931,2,0.7,16.6,78.8,0,0.4,0.1,6.89,13,3,0,1.5,0.9,3,0.7,1.7,0.3,1,1.6,0.6,0.4,1.2,0,0.4,0.6,0,0
81,Andros Townsend,162,Crystal Palace,32," AM(CLR),FW  ",25(9),2259,5,1.2,20.7,73.7,1.6,0.5,0,6.88,1,0,0,1.1,0.1,1,1.3,1.6,0.1,1.6,1.4,2.3,1.2,0.8,0,0.4,1.4,0.1,0
82,John McGinn,24,Aston Villa,29, M(CLR)  ,37,3330,5,1.1,36.9,79.4,0.3,3.3,0.1,6.88,3,12,0,1.2,0.6,0,1.4,2.1,0,0.9,1.8,1.6,1.2,1.2,0.1,0.6,1.5,0.2,0
83,Wilfried Zaha,162,Crystal Palace,31," AM(LR),FW  ",29(1),2614,2,1,24.5,78.3,0.2,0.3,0.1,6.88,11,6,0,2,0.3,2,1.8,2.9,0.7,2.6,3.6,0.9,0.3,1.1,0,0,0.6,0,0
84,Andy Robertson,26,Liverpool,29," D(L),M(L)  ",38,3386,7,1.7,70.5,84.4,1.6,2.1,0,6.88,1,2,0,0.5,0.8,0,0.7,0.3,0.2,0.3,1.1,1.2,0.6,0.6,0.3,1.8,0.8,0.2,0
85,Bukayo Saka,13,Arsenal,22," D(L),M(CLR)  ",30(2),2562,3,1.2,30.6,81.8,1,0.4,0,6.88,5,1,0,1.9,0.4,2,1.4,2,0.5,1.3,2.3,0.8,0.8,0.9,0,0.6,0.9,0.1,1
86,Jorginho,15,Chelsea,31, DMC  ,23(5),2014,1,0.9,63.7,89.2,0.1,2.7,0.1,6.88,7,2,0,0.5,0.6,4,0.6,1,0,0.5,0.7,2,1.4,1.1,0,0.7,1.6,0.2,0
87,Jonny Evans,14,Leicester,35, D(CL)  ,28,2476,2,0.4,66.1,85.9,0,3.9,0,6.87,2,7,0,0.3,3.3,1,0.3,0.4,0,0.1,0.1,0.9,1.6,0.6,0.6,3.4,0.2,0.1,1
88,Romain Saïss,161,Wolves,33," D(C),DMC  ",27,2408,0,0.2,52.9,81.2,0.1,4,0,6.87,3,2,0,1,2.6,2,0.3,0.4,0,0.1,0.4,1.3,1.9,1.1,0.5,4.1,0.5,0.5,0
89,Stuart Dallas,19,Leeds,32," D(LR),M(CLR)  ",38,3411,2,0.7,51.6,83.7,0.3,2,0,6.87,8,7,0,1.3,0.9,3,0.6,1.3,0,0.9,1.4,1.9,1.2,1.1,0.1,1.2,1.5,0.1,0
90,Dwight McNeil,184,Burnley,24, M(CLR)  ,34(2),3071,5,1.3,30.7,78.9,1.4,1.8,0,6.87,2,1,0,0.7,0.5,1,1.8,1.1,0.1,1.7,1.6,1.3,0.9,0.3,0,0.5,1.1,0.2,0
91,Nick Pope,184,Burnley,31, GK  ,32,2880,0,0.1,26.2,44.6,0,8.7,0,6.86,0,1,0,0,0.3,6,0,0.2,0,0,0.1,0,0.1,0.1,0,1.3,0,0,0
92,Tanguy Ndombélé,30,Tottenham,26, M(C)  ,28(5),2108,2,0.4,35.5,85.6,0.1,0.6,0.1,6.86,3,3,0,0.5,0.3,2,2.2,1.8,0,1,1.7,1.2,0.6,0.8,0,0.3,0.8,0.1,0
93,Yerry Mina,31,Everton,29, D(C)  ,23(1),1939,0,0,52.4,90.1,0,2.2,0,6.86,2,2,0,0.7,2.8,1,0,0.5,0,0,0.1,0.9,1,0.9,0.3,4.5,0.2,1,0
94,N'Golo Kanté,15,Chelsea,32, M(C)  ,24(6),2146,2,0.7,51,86.5,0,2.3,0,6.86,0,7,0,0.3,0.6,1,0.9,0.2,0,0.5,1.6,2.6,2,1.2,0,0.9,1,0.1,0
95,Toby Alderweireld,30,Tottenham,34, D(CR)  ,25,2241,0,0.3,57.5,82.5,0,4.4,0.1,6.86,1,2,0,0.4,1.8,0,0.2,0.1,0,0.1,0.1,1.4,0.4,0.7,0.7,4.6,0.5,1.1,1
96,Dani Ceballos,13,Arsenal,27, M(CL)  ,17(8),1616,3,1.1,50.9,87.2,0.4,2.8,0.1,6.85,0,4,0,0.5,0.3,2,1,1,0,0.6,0.9,1.5,1.4,0.9,0.1,0.6,1.2,0.2,0
97,Bertrand Traoré,24,Aston Villa,28," AM(R),FW  ",29(7),2338,6,1,19.4,77.7,0.6,1.2,0.1,6.85,7,1,0,1.8,0.9,3,1.4,1.1,0.2,0.7,1.9,0.7,0.4,0.9,0,0.3,0.7,0,0
98,Mateo Kovacic,15,Chelsea,29, M(CL)  ,21(6),1820,1,0.8,65.3,90.8,0,3.5,0.1,6.84,0,4,0,0.9,0.4,2,2,1.1,0,0.9,1,1.7,0.6,0.6,0,0.3,0.6,0,0
99,Joël Veltman,211,Brighton,31," D(CR),M(R)  ",25(3),2283,1,0.8,44.6,77.7,0.7,2.5,0,6.84,1,3,0,0.5,1.5,0,0.6,1.4,0,0.3,0.6,2.4,1.2,1.2,0.2,2.1,1,0.2,0
100,Oleksandr Zinchenko,167,Man City,26," D(L),M(CLR)  ",15(5),1474,0,0.8,68.4,89.8,0.3,1.5,0,6.84,0,0,0,0.8,1.5,0,0.3,0.2,0.1,0.3,0.8,1.3,1.2,0.5,0.2,1.3,0.5,0.2,0
101,Antonee Robinson,170,Fulham,26," D(L),M(L)  ",24(4),2162,0,1,37.4,74.9,1,1.2,0,6.84,0,4,1,0.4,1.3,1,1.8,0.3,0,0.8,1.6,1.6,1.3,0.7,0.1,1.9,0.6,0.1,0
102,Kelechi Iheanacho,14,Leicester,27," AM(C),FW  ",16(9),1458,2,1.1,20.2,79.8,0.2,0.4,0.2,6.84,12,1,0,2.4,0.3,2,1.3,0.5,0.4,1.4,2.3,0.5,0.1,1,0,0,0.5,0,0
103,Anthony Martial,32,Man Utd,27," AM(LR),FW  ",17(5),1488,3,0.8,21.9,84.4,0,0.2,0,6.84,4,0,1,2,0.8,1,1.6,1.2,0.7,1.7,2.3,0.1,0,0.7,0,0.4,0.5,0.1,0
104,Lewis Dunk,211,Brighton,32, D(C)  ,33,2933,0,0.3,67.4,89.4,0,5.5,0,6.84,5,5,2,1,2.4,0,0.2,0.6,0.1,0,0.4,0.9,1,0.7,0.7,3.2,0.2,0.6,1
105,Kyle Walker-Peters,18,Southampton,26," D(LR),M(R)  ",30,2649,2,0.5,44.1,80.9,0.2,1.1,0,6.84,0,4,0,0.6,0.5,0,1.5,1.4,0.2,1.6,1.2,2.8,1.3,1.1,0.2,1.7,0.8,0.3,0
106,Danny Ings,18,Southampton,31," AM(C),FW  ",26(3),2185,4,0.8,17.3,66.3,0.1,0.4,0,6.84,12,1,0,2,0.8,2,1,0.6,0.6,0.6,2.3,0.8,0.1,0.7,0,0.7,0.6,0.1,0
107,Callum Wilson,23,Newcastle,31, FW  ,23(3),2086,5,0.7,13.1,69.5,0,0.1,0,6.84,12,2,0,1.9,1.7,4,1,1.6,0.8,1.5,2.8,0.5,0.3,1.5,0,0.5,0.4,0.1,0
108,Trézéguet,24,Aston Villa,29, AM(LR)  ,12(9),1166,1,0.6,13.7,75.7,0.2,0.6,0,6.83,2,0,0,1.7,1.3,1,0.8,0.9,0.2,0.6,1.3,1.6,0.9,1.9,0,0.6,1.5,0,0
109,Timothy Castagne,14,Leicester,27," D(CLR),M(LR)  ",27,2346,3,0.8,49,84.3,0.3,0.9,0,6.82,2,1,0,0.3,1.6,2,0.4,0.5,0,0.4,0.9,1.9,1.1,0.7,0.2,1.9,0.7,0.2,0
110,Pascal Groß,211,Brighton,32," D(R),M(CR),FW  ",27(7),2482,8,2.1,41.9,81.6,2,2.7,0,6.82,3,3,0,0.9,0.6,1,0.3,0.5,0.1,0.5,1,1.3,0.7,0.6,0,0.4,0.9,0.1,0
111,Fabinho,26,Liverpool,30," D(CR),DMC  ",28(2),2565,0,0.1,70.3,90.3,0,3.3,0,6.82,0,6,0,0.3,1.8,0,0.2,0.9,0,0.2,0.6,1.9,1.5,1,0.5,2.2,0.9,0.3,0
112,Stuart Armstrong,18,Southampton,31, AM(CLR)  ,32(1),2774,5,1.1,37.5,80.7,0.2,1,0.1,6.82,4,3,0,1.7,0.2,2,2.1,1.1,0.1,2.1,2.3,1.8,0.7,1,0.1,0.6,1.5,0,0
113,Jordan Henderson,26,Liverpool,33," D(C),M(CLR)  ",20(1),1708,1,0.7,86.4,87.3,0.2,4,0.1,6.82,1,0,0,0.7,0.5,0,0.4,0.5,0,0.2,0.3,1.1,1.6,0.4,0.6,1.2,0.8,0,0
114,Aaron Cresswell,29,West Ham,33," D(CL),M(L)  ",36,3172,8,1.6,45.9,78.9,1.6,3.3,0,6.81,0,3,0,0.5,1,2,0.1,0.5,0,0.3,0.4,0.9,0.9,0.4,0.1,2,0.4,0.4,0
115,Chris Wood,184,Burnley,31, FW  ,32(1),2750,3,0.7,19.8,65.1,0,0.1,0,6.81,12,0,0,2.1,4.7,1,0.2,0.7,0.7,1.3,2.4,0.4,0,1.2,0,0.6,0.4,0.1,0
116,Eberechi Eze,162,Crystal Palace,25, AM(CLR)  ,29(5),2565,6,1.3,32,84.2,0.7,0.7,0,6.81,4,3,0,1.1,0.4,4,1.9,2.1,0,1.1,1.7,0.8,0.7,0.5,0,0.2,0.6,0.1,0
117,Rúben Neves,161,Wolves,26, DMC  ,31(5),2680,1,0.9,54.9,84.4,0.1,5.3,0,6.81,5,8,0,1.9,0.7,1,0.3,0.5,0,0.4,0.7,2.4,1.8,1.3,0.1,1.1,1.4,0.3,0
118,Fernandinho,167,Man City,38," D(CR),DMC  ",12(9),1185,2,0.7,48.3,87.2,0,2.2,0,6.81,0,6,0,0.7,1.4,0,0.5,0.5,0,0.2,0.3,1.5,1.1,1,0.1,0.8,1.1,0.1,0
119,Timo Werner,15,Chelsea,27," AM(CLR),FW  ",29(6),2608,8,1,22.3,78.8,0.3,0.2,0,6.81,6,2,0,2.3,0.3,1,0.8,0.9,0.8,0.8,2.5,0.6,0.2,0.8,0,0.2,1,0,0
120,Pascal Struijk,19,Leeds,24," D(CL),DMC  ",22(5),2074,0,0.1,48,86,0,2.3,0,6.81,1,3,0,0.5,1.7,0,0.1,0.3,0,0.3,0.4,1.8,1.7,1,0.2,3.1,0.4,0.8,0
121,Tyrone Mings,24,Aston Villa,30, D(CL)  ,36,3195,2,0.2,46.6,77.9,0,3.7,0,6.81,2,4,1,0.5,2.5,0,0.2,0.5,0.1,0.1,0.5,0.9,1.1,0.6,0.4,4.7,0.2,1.1,1
122,Jonjo Shelvey,23,Newcastle,31, M(C)  ,29(1),2617,3,1.2,46.7,76.4,0.7,5.8,0,6.80,1,7,0,1.4,0.9,0,0.7,0.3,0,0.2,0.6,1.3,1.2,1,0,1.3,0.9,0.5,0
123,Leandro Trossard,211,Brighton,28," M(CLR),FW  ",30(5),2622,5,1.4,28.5,78.8,0.7,1.6,0,6.80,5,2,0,1.7,0.1,2,1.1,0.9,0.1,1.7,1.9,0.9,0.7,0.8,0,0.1,0.7,0.1,0
124,Joachim Andersen,170,Fulham,27, D(C)  ,30(1),2730,1,0.3,63.2,81.4,0,5.8,0,6.79,1,7,1,0.4,3.2,2,0.3,0.5,0,0.1,0.3,1.1,1.4,1.3,1.1,4.8,0.4,0.4,0
125,Karl Darlow,23,Newcastle,33, GK  ,25,2250,0,0,25.1,45.7,0,7.4,0,6.79,0,3,0,0,0.7,1,0,0.2,0,0,0,0,0,0,0,1.7,0,0,0
126,Rob Holding,13,Arsenal,28, D(CR)  ,28(2),2558,1,0.1,60.1,87,0,3.1,0,6.79,0,2,0,0.5,2.4,1,0.3,0.2,0.1,0.2,0.4,1.4,0.8,0.8,0.5,4,0.6,0.9,1
127,Anwar El Ghazi,24,Aston Villa,28," AM(LR),FW  ",17(11),1617,0,0.9,18.7,75.3,0.8,0.4,0,6.78,10,2,0,2.3,1,2,0.9,1,0.2,1.3,1.7,0.6,0.2,0.6,0,0.4,0.6,0,0
128,Abdoulaye Doucouré,31,Everton,30, M(C)  ,29,2452,3,0.7,46.2,85.1,0,1.3,0.1,6.78,2,6,0,0.6,1.3,0,0.7,0.4,0,0.9,1.2,1.8,1.3,0.8,0.1,0.9,1,0.2,0
129,Pablo Fornals,29,West Ham,27, M(CLR)  ,31(2),2583,4,0.9,32.1,79.4,0.2,0.8,0,6.78,5,3,0,1.5,0.7,1,0.9,0.5,0.2,0.6,1.1,1.3,1.1,0.8,0,0.2,1.9,0,0
130,Pierre-Emerick Aubameyang,13,Arsenal,34," M(CLR),FW  ",26(3),2337,3,0.8,21.5,78,0.3,0.4,0,6.78,10,2,0,2,1.2,1,0.4,0.6,0.6,0.7,1.3,0.4,0.2,0.4,0,0.5,0.6,0,1
131,Ben Godfrey,31,Everton,25, D(CLR)  ,29(2),2683,2,0.1,39.3,84.7,0.1,1.2,0,6.78,0,4,0,0.5,1.8,0,0.3,0.5,0.1,0.2,0.9,1.8,1.1,0.5,0.3,3.5,0.5,1.2,1
132,Ché Adams,18,Southampton,27," AM(CL),FW  ",30(6),2675,5,1,16.9,70.3,0,0.7,0.2,6.77,9,1,0,1.5,1.5,0,0.8,1.5,0.5,1.2,2.4,0.7,0.1,0.8,0.1,0.5,0.3,0.1,0
133,Adam Webster,211,Brighton,28, D(C)  ,29,2595,0,0.2,63.4,80.9,0,3.4,0,6.77,1,4,0,0.9,2.7,1,0.6,0.5,0,0.2,0.9,1,1.6,0.8,0.3,2.9,0.4,0.6,0
134,Kyle Bartley,175,WBA,32, D(C)  ,28(2),2584,1,0.2,27.6,77.1,0,1.7,0,6.77,3,4,0,0.5,3.6,1,0.1,0.3,0.2,0.1,0.3,0.9,1.3,1,0.5,5.3,0.4,1.2,0
135,Emile Smith Rowe,13,Arsenal,23, AM(CL)  ,18(2),1448,4,1.4,36.3,88.7,0.1,0.6,0.1,6.77,2,0,0,0.7,0.2,0,0.5,1,0.2,0.4,1.9,0.7,0.5,0.3,0,0.5,0.6,0.1,0
136,Allan,31,Everton,32, DMC  ,23(1),2052,0,0.7,44,85.6,0,2.4,0,6.77,0,6,0,0.3,0.2,0,1.3,1.3,0,0.8,0.9,3.3,0.8,1.5,0.1,1,2.8,0.5,0
137,Kyle Walker,167,Man City,33," D(CR),M(R)  ",22(2),1947,1,0.3,72.2,90.2,0.1,3.7,0,6.77,1,1,0,0.4,1.1,1,1,0.5,0,0.7,0.7,1.2,0.6,1,0.3,0.9,0.3,0.3,0
138,Josh Brownhill,184,Burnley,27, M(CR)  ,32(1),2816,1,0.5,35.5,78.3,0.1,1,0,6.76,0,2,0,1,2,0,0.5,1,0.1,0.5,1.1,1.4,2.1,1.1,0,1.1,0.9,0.3,0
139,Ferran Torres,167,Man City,23," AM(LR),FW  ",15(9),1306,2,0.8,16.9,85.2,0.1,0.4,0,6.76,7,1,0,1.5,0.6,2,0.8,0.7,0.2,0.9,1,0.5,0.1,0.7,0,0.3,0.5,0,0
140,Nicolas Pépé,13,Arsenal,28," AM(LR),FW  ",16(13),1614,1,0.4,21.7,81.1,0.2,0.2,0,6.76,10,1,1,1.7,1.2,4,1,0.9,0.1,0.8,1.9,0.7,0.4,0.4,0,0.4,0.5,0,0
141,Ross Barkley,24,Aston Villa,29, M(CLR)  ,18(6),1537,1,1.6,30.3,84.8,0.8,1.4,0,6.75,3,0,0,1.6,0.9,0,1.2,0.7,0.2,1.3,1.6,0.3,0.2,0.5,0,0.3,0.5,0,0
142,Hugo Lloris,30,Tottenham,36, GK  ,38,3420,0,0,23.6,69.3,0,4.8,0,6.75,0,0,0,0,0.2,2,0,0.1,0,0,0,0,0,0,0,0.5,0,0,0
143,Willy-Arnaud Boly,161,Wolves,32, D(C)  ,21,1880,1,0.1,49.3,82.5,0,1.9,0,6.75,1,2,0,0.7,2.7,1,0.2,0.4,0,0.1,0.5,1.6,1.5,0.7,0.2,4,0.5,0.6,0
144,Dan Burn,211,Brighton,31," D(CL),M(L)  ",23(4),2060,0,0.4,40.7,75.6,0.3,1.1,0,6.75,1,5,0,0.6,3.6,3,0.4,0.2,0.1,0.3,1,1.9,1.1,1.3,0.1,2.6,1,0.3,1
145,Ezri Konsa,24,Aston Villa,26, D(CR)  ,35(1),3193,0,0.1,35.8,84.7,0,2.1,0,6.75,2,3,0,0.6,2.7,1,0.2,1.5,0,0.2,0.5,0.7,0.8,0.5,0.4,4.4,0.1,1.3,0
146,Jarrod Bowen,29,West Ham,26," AM(CLR),FW  ",30(8),2579,5,0.8,16.3,74.4,0.8,0.8,0,6.75,8,0,0,1.4,0.6,1,0.9,1.4,0.4,1.3,1.7,0.7,0.6,0.4,0,0.1,0.5,0,0
147,Thomas Partey,13,Arsenal,30," D(R),M(CR)  ",18(6),1537,2,0.5,47.5,87.2,0,2.7,0.1,6.75,0,5,0,1.1,1,1,1.2,0.7,0,0.4,0.9,1.8,1,0.8,0,0.6,1.3,0.2,0
148,Joelinton,23,Newcastle,27," AM(CLR),FW  ",23(8),1990,2,0.5,18.8,73,0,0.3,0,6.75,4,3,0,1.4,2.7,1,1.2,1.2,0.2,1.4,2.6,1.1,0.3,0.8,0,0.7,0.7,0.1,0
149,Christian Pulisic,15,Chelsea,25," M(CLR),FW  ",18(9),1738,2,0.9,24.5,82.9,0.2,0.4,0,6.74,4,2,0,1.6,0.7,2,1.8,1.2,0.1,1.1,2.5,0.7,0.4,0.5,0,0.3,0.5,0.1,0
150,Marc Albrighton,14,Leicester,34," D(R),M(LR)  ",17(14),1744,5,1.2,24.2,73.3,0.7,1.3,0,6.74,1,2,0,0.7,0.3,2,1.2,0.6,0.1,0.9,1.1,1.1,0.5,0.3,0.1,0.6,0.9,0.1,0
151,Çaglar Söyüncü,14,Leicester,27, D(C)  ,19(4),1816,0,0.3,60.1,88,0.2,2.1,0,6.74,1,2,0,0.4,2.7,0,0.2,0.7,0,0.2,0.3,1.2,1.2,0.8,0.6,3.4,0.6,0.4,0
152,Alphonse Areola,170,Fulham,30, GK  ,36,3240,0,0,23.3,68.7,0,4.4,0,6.74,0,2,0,0,0.4,1,0,0.1,0,0,0,0,0,0,0,1.1,0.1,0,0
153,Sam Johnstone,175,WBA,30, GK  ,37,3330,1,0,29.9,43.2,0,8.4,0,6.74,0,1,0,0,0.2,2,0,0.1,0,0,0,0,0.1,0,0,1,0,0,0
154,Alisson Becker,26,Liverpool,31, GK  ,33,2970,0,0,29.9,84.6,0,3.2,0,6.73,1,1,0,0,0.4,0,0.1,0.2,0,0,0,0.1,0.1,0,0,1.3,0,0,0
155,Granit Xhaka,13,Arsenal,31," D(L),M(C)  ",29(2),2522,2,0.5,70.6,90.2,0.1,4.2,0.1,6.73,1,7,1,0.7,1.3,0,0.3,1.2,0,0.4,0.6,1.6,0.8,1.3,0,1.2,0.9,0.2,0
156,Tosin Adarabioyo,170,Fulham,26, D(CR)  ,33,2954,0,0.2,57.7,86.2,0,3.6,0,6.73,0,1,0,0.5,2.5,0,0.3,0.2,0.1,0.2,0.4,1.1,1.3,0.5,0.8,5.8,0.6,0.6,1
157,Angelo Ogbonna,29,West Ham,35, D(C)  ,28,2493,0,0.1,36.4,81.3,0,1.8,0,6.73,3,5,0,0.5,2.3,1,0.1,0.3,0,0.2,0.1,0.9,1.1,1,0.5,4.1,0.3,0.4,0
158,Gabriel Magalhães,13,Arsenal,25, D(C)  ,22(1),1997,0,0.1,67.4,85.7,0,2.2,0,6.73,2,2,1,0.7,2.5,0,0.2,1.1,0,0.3,0.2,1.1,1.1,1,0.5,3.2,0.3,0.8,0
159,Callum Hudson-Odoi,15,Chelsea,23, M(CLR)  ,10(13),1060,3,1.4,25,86.1,0.7,1.2,0,6.73,2,0,0,1,0,0,0.7,0.3,0.2,0.7,0.6,1,0.3,0.5,0,0.2,0.6,0,0
160,David McGoldrick,163,Sheff Utd,36," AM(CLR),FW  ",28(7),2402,1,0.5,26,74.7,0.1,0.7,0,6.72,8,7,0,2,2.5,2,1.3,0.9,0.5,1.3,2.5,0.9,0.1,1.3,0,0.7,0.5,0.1,0
161,Mason Greenwood,32,Man Utd,22," AM(LR),FW  ",21(10),1826,2,0.5,23,85,0.2,0.8,0.1,6.72,7,2,0,2.2,0.2,1,1.2,0.6,0.1,0.9,1.1,0.4,0.2,0.5,0,0,0.5,0,0
162,Sergio Reguilón,30,Tottenham,26," D(L),M(L)  ",26(1),2249,3,0.6,44.4,77.3,0.6,1.4,0,6.72,0,5,0,0.7,1.1,1,0.8,0.7,0,0.6,1.3,1.7,1.2,1,0.3,1.5,0.9,0.3,1
163,Conor Townsend,175,WBA,30," D(CL),M(L)  ",25,2235,2,0.9,36.7,76.7,0.6,1.8,0,6.72,0,0,0,0.4,1.7,1,0.4,1,0.1,0.3,1.3,1.8,1.4,0.6,0.1,2,0.8,0.6,0
164,Matthew Lowton,184,Burnley,34," D(LR),M(R)  ",34,3060,1,0.8,35.1,68.8,0.4,3.2,0.1,6.71,1,5,0,0.6,1,1,0.8,0.4,0,0.3,1.1,1.6,1.6,0.6,0.3,2.3,1.2,0.4,0
165,Hakim Ziyech,15,Chelsea,30, M(CLR)  ,15(8),1180,3,1.5,29,79.1,0.5,1.1,0,6.71,2,3,0,1.5,0.2,2,0.8,0.7,0.2,0.7,1.3,0.6,0.4,0.8,0,0,0.6,0,0
166,Jan Bednarek,18,Southampton,27, D(C)  ,36,3104,1,0.1,57.4,82.4,0,2.3,0,6.70,1,5,1,0.3,2.7,1,0.1,0.4,0,0.1,0.3,1,2.3,0.8,0.8,3.7,0.7,0.8,1
167,Tyrick Mitchell,162,Crystal Palace,24, D(L)  ,19,1710,1,0.2,31.5,69.8,0.3,1.5,0,6.70,1,1,0,0.1,0.6,0,0.6,0.6,0,0.6,0.8,3.4,1.1,0.4,0.2,2.4,0.9,0.5,0
168,Ethan Ampadu,163,Sheff Utd,23," D(C),DMC  ",23(2),2091,0,0.4,40.2,82.3,0.2,2.2,0,6.70,0,3,0,0.3,2.1,1,0.5,1,0,0.2,0.6,2.3,2,1,0.2,3.3,1,0.8,1
169,Tammy Abraham,15,Chelsea,26, FW  ,12(10),1036,1,0.4,9.3,72.7,0,0.1,0,6.70,6,0,0,1.5,1.8,2,0.3,0.5,0.2,0.3,1.5,0.3,0.2,1,0,0.8,0.3,0,0
170,Victor Lindelöf,32,Man Utd,29, D(CR)  ,29,2586,1,0.2,64.3,89.8,0,2.1,0,6.69,1,0,0,0.1,2.2,0,0.1,0.3,0,0.1,0.3,0.8,1.1,0.8,0.6,3.3,0.4,0.5,0
171,Kenny Tete,170,Fulham,28," D(CR),M(R)  ",18(4),1483,1,0.8,31.4,75.5,1,1.5,0,6.69,0,3,0,0.3,1.3,0,0.5,0.8,0.1,0.4,0.9,2.2,1.2,1.3,0.2,2,0.4,0.2,0
172,Chris Basham,163,Sheff Utd,35," D(CR),M(CR)  ",31,2586,1,0.4,34.1,82.8,0.2,1.2,0,6.69,0,5,0,0.3,1.8,1,0.7,0.9,0.2,0.6,1,2.2,1.6,0.8,0.3,3.3,0.8,0.5,0
173,Héctor Bellerín,13,Arsenal,28," D(R),M(R)  ",24(1),2093,2,0.8,44.6,83.8,0.5,0.7,0.1,6.69,1,8,0,0.6,1.2,1,0.5,0.3,0,0.2,1,1.2,1.3,0.8,0.1,1.2,1.2,0.3,0
174,Daniel Podence,161,Wolves,28," AM(CLR),FW  ",22(2),1679,2,0.9,25,77.7,0.3,1.8,0,6.68,3,3,0,1.3,0.3,1,1.6,1.1,0.2,1,1.5,0.5,0.5,0.6,0,0.1,0.7,0,0
175,Kieran Tierney,13,Arsenal,26," D(CL),M(L)  ",26(1),2302,3,1.1,43.7,79.6,0.9,1.6,0,6.68,1,4,0,0.6,0.7,0,0.6,0.7,0,0.5,0.9,1,0.6,0.5,0.2,2.1,0.7,0.4,0
176,Oliver McBurnie,163,Sheff Utd,27," AM(CL),FW  ",12(11),1319,0,0.7,19.1,57.5,0,0.3,0,6.67,1,2,0,1.3,6,2,0.2,1.1,0.2,0.7,1,0.7,0.3,1,0,1.3,0.5,0.1,0
177,João Moutinho,161,Wolves,37, M(C)  ,28(5),2534,1,1.4,52.2,88.4,0.8,2.3,0.1,6.67,1,3,1,0.4,0.5,0,0.4,0.7,0,0.3,0.5,2.3,1.4,1.3,0.1,0.7,1.7,0.1,0
178,Douglas Luiz,24,Aston Villa,25, M(C)  ,32(1),2790,2,0.6,42.9,85.7,0.1,3.3,0,6.67,0,8,1,0.8,1.3,0,0.7,1.5,0,0.5,0.8,1.5,1.3,1.8,0,1.2,1.2,0.5,0
179,Edinson Cavani,32,Man Utd,36," AM(LR),FW  ",13(13),1372,3,0.5,12.9,77.4,0,0.5,0.1,6.67,10,4,0,1.3,0.4,1,0.2,0.5,0.2,0.4,1.2,0.5,0.2,0.8,0,0.4,0.4,0,0
180,Rodrigo,19,Leeds,32," M(CLR),FW  ",14(12),1291,2,1.2,21.5,76.9,0.1,1,0.2,6.67,7,3,0,1.8,0.9,0,0.6,0.3,0.1,0.8,1.5,0.5,0.2,0.7,0,0.6,0.7,0,0
181,Craig Dawson,29,West Ham,33, D(CR)  ,22,1926,0,0.1,34.7,79.7,0,2.7,0,6.67,3,3,1,0.7,2.6,0,0,0.5,0.1,0,0.2,0.5,1.5,0.6,0.2,4,0.3,1,2
182,Charlie Taylor,184,Burnley,30," D(CL),M(L)  ",28(1),2429,1,0.4,34.1,70.3,0.7,2.1,0,6.67,0,1,0,0.1,1.3,0,0.9,1.2,0,0.3,0.7,1.7,1,0.3,0.2,2.5,0.7,0.7,0
183,Isaac Hayden,23,Newcastle,28," D(C),DMC  ",22(2),1946,0,0.3,32.8,80.7,0.1,1.2,0,6.67,0,8,0,0.7,2.4,0,0.3,0.7,0,0.6,0.8,2.2,1.8,1.6,0.1,1.9,0.9,0.4,0
184,Gylfi Sigurdsson,31,Everton,34," M(CLR),FW  ",24(12),2256,5,1.2,23.7,85,0.8,0.7,0,6.67,6,2,0,1.4,0.1,1,0.4,0.5,0,0.8,1.3,0.8,0.9,0.6,0,0.5,0.9,0.1,0
185,Danny Welbeck,211,Brighton,33," AM(CLR),FW  ",17(7),1547,1,0.9,10.8,81,0,0.1,0,6.66,6,0,0,1.5,0.9,1,0.8,0.7,0.2,0.5,2.1,0.5,0.3,0.8,0,0.5,0.5,0,0
186,Jacob Murphy,23,Newcastle,28," D(R),M(LR)  ",17(9),1621,3,0.7,17.6,70.5,0.6,0.8,0,6.66,2,3,0,1.2,0.2,1,1.5,0.9,0.1,1,1.3,1.5,0.5,0.9,0.1,0.9,1,0.1,0
187,Eric Dier,30,Tottenham,29," D(CR),DMC  ",28,2520,0,0.2,63.9,83.2,0,4,0,6.66,0,3,0,0.5,3.1,0,0.1,0.4,0,0,0.4,0.8,0.8,0.6,0.4,4.4,0.3,1.1,0
188,Harrison Reed,170,Fulham,28," D(R),M(CR)  ",26(5),2251,2,0.7,47.6,86.2,0.2,1.5,0,6.66,0,5,0,0.4,0.6,0,0.5,0.8,0,0.3,0.6,2,1.6,1.3,0,0.8,1.4,0.4,0
189,Miguel Almirón,23,Newcastle,29," AM(CLR),FW  ",28(6),2438,1,0.9,25,82,0.2,1,0.1,6.66,4,3,0,1,0.2,1,1.1,1.1,0.2,1,1.4,1.4,0.7,0.5,0,0.5,1.2,0.1,0
190,Willian,13,Arsenal,35, AM(CLR)  ,16(9),1407,5,1.3,27.1,87.5,1.1,1.4,0,6.65,1,0,0,0.8,0.4,3,0.5,0.8,0.2,0.6,0.9,0.5,0.3,0.2,0,0.2,0.4,0,0
191,Séamus Coleman,31,Everton,35," D(CR),M(R)  ",18(7),1612,3,0.8,25.8,82.9,0.4,1.3,0,6.65,0,0,0,0.5,0.4,1,0.8,0.7,0,0.9,1.1,1.6,0.5,0.5,0.1,1.3,0.4,0.2,0
192,Leander Dendoncker,161,Wolves,28," D(C),M(C)  ",28(5),2501,0,0.5,36.5,85.5,0.1,1.3,0,6.65,1,4,0,0.9,2.6,0,0.2,0.4,0.1,0.3,0.9,1.6,0.8,0.9,0.2,1.5,0.9,0.5,1
193,Jeffrey Schlupp,162,Crystal Palace,30," D(L),M(CLR)  ",15(12),1426,3,0.7,14.8,73.9,0.2,0.4,0,6.65,2,3,0,0.7,1.1,2,1.1,0.6,0,1.5,1.2,1.1,0.8,0.9,0,0.4,0.6,0.3,0
194,Jordan Pickford,31,Everton,29, GK  ,31,2743,0,0,32.2,61.8,0,8.5,0,6.65,0,1,0,0,0.3,1,0,0.1,0,0,0,0,0.1,0,0,1.3,0.1,0,0
195,Ciaran Clark,23,Newcastle,34, D(CL)  ,21(1),1893,0,0.1,35.9,81.5,0,1.8,0,6.64,1,3,0,0.4,3.1,0,0.2,0.5,0,0,0.5,1.1,1.3,0.7,0.5,4.5,0.3,0.9,1
196,Federico Fernández,23,Newcastle,34, D(C)  ,24,2083,0,0.3,34.8,80.7,0.1,2.3,0,6.64,0,4,0,0.2,2,1,0,0.6,0,0.1,0.3,1.2,0.7,0.6,0.7,6,0.2,1.3,1
197,Mason Holgate,31,Everton,27," D(CR),DMC,M(R)  ",26(2),2290,0,0.3,39.4,79.1,0.2,3.1,0,6.63,1,9,0,0.2,1.4,2,0.3,1,0,0.2,0.5,2,1.3,1,0.3,2.9,1.1,0.5,0
198,Conor Gallagher,175,WBA,23, M(C)  ,28(2),2532,2,0.7,29.7,81.5,0.4,1.6,0,6.63,2,11,0,1,0.8,0,1,2.1,0,1.2,2.1,2.7,0.9,1.4,0,0.9,2.3,0.3,0
199,Ashley Westwood,184,Burnley,33, DMC  ,38,3411,3,1.4,53.8,78.7,1.2,4.2,0,6.63,3,7,0,0.5,0.4,0,0.3,1.1,0,0.3,0.8,0.6,1.2,0.9,0,0.8,0.8,0.2,0
200,Lucas Moura,30,Tottenham,31," AM(CLR),FW  ",14(16),1403,4,0.5,19,75.2,0.2,0.2,0,6.63,3,1,0,0.6,0.8,3,1.1,1.6,0.1,1.2,1.6,1.1,0.6,0.8,0,0.3,0.7,0,0
201,Ola Aina,170,Fulham,27," D(CLR),M(LR)  ",31,2671,1,0.5,47.2,78.9,0.3,2.1,0,6.63,2,3,0,0.5,1,1,0.7,0.8,0.1,0.3,0.9,1.2,1.5,1,0.4,2.6,0.7,0.2,0
202,Lukasz Fabianski,29,West Ham,38, GK  ,35,3150,0,0,24.5,54.9,0,7.5,0,6.62,0,2,0,0,0.1,1,0,0.1,0,0,0,0,0,0,0,0.6,0,0,0
203,Darnell Furlong,175,WBA,28," D(CR),M(R)  ",32(3),2932,3,0.5,23.3,59.4,0.5,1.2,0,6.62,1,5,0,0.7,3.4,0,0.3,0.9,0.1,0.3,1.1,1.3,1.4,1,0.2,2.2,0.7,0.5,1
204,Georginio Wijnaldum,26,Liverpool,33, M(CLR)  ,34(4),2947,0,0.6,46.2,92.7,0,1.2,0,6.62,2,1,0,0.8,1,0,0.9,0.6,0,0.7,1,0.6,0.7,0.4,0,0.4,0.6,0.1,0
205,Ezgjan Alioski,19,Leeds,31," D(L),M(CLR)  ",29(7),2466,3,0.8,38.3,79.5,0.4,0.8,0,6.62,2,7,0,0.7,1.1,0,0.3,1.2,0.2,0.4,1,2.1,0.6,1.1,0.1,1.1,1.2,0.1,0
206,Ederson,167,Man City,30, GK  ,36,3240,1,0,26.6,81.2,0,4.4,0,6.61,0,3,0,0,0.2,0,0,0.1,0,0,0.1,0.1,0,0,0,0.5,0,0,0
207,Kai Havertz,15,Chelsea,24," M(CR),FW  ",18(9),1522,3,0.7,28.4,84.9,0,0.4,0,6.60,4,2,0,1.2,1.1,1,0.7,0.6,0.3,1,2,0.7,0.1,1,0.1,0.7,0.8,0,0
208,Ben White,211,Brighton,26," D(CR),DMC  ",36,3195,0,0.2,48.5,83.2,0,2.3,0,6.60,0,3,1,0.3,1.4,0,0.7,0.3,0,0.3,0.6,1.4,1.7,0.8,0.3,1.4,0.9,0.6,0
209,Ayoze Pérez,14,Leicester,30," AM(CLR),FW  ",15(10),1333,1,0.9,18.8,76.8,0.3,0.2,0,6.60,2,2,0,1.2,0.5,0,1.2,0.9,0.3,1,1.5,1.3,0.4,1.2,0,0.3,1.4,0,0
210,Jamaal Lascelles,23,Newcastle,30, D(C)  ,19,1628,0,0.2,32.7,80.2,0,2.2,0,6.60,2,4,0,0.8,2.5,0,0.2,0.5,0,0.1,0.3,0.7,0.6,0.9,0.4,4.4,0.2,0.9,0
211,Mario Lemina,170,Fulham,30, DMC  ,19(9),1705,0,0.4,31.7,83.5,0,1.7,0,6.60,1,5,0,0.7,0.8,1,0.9,0.5,0,0.8,0.9,2.2,1.1,1.1,0.1,0.7,0.8,0.2,0
212,Robert Sánchez,211,Brighton,26, GK  ,27,2430,0,0,36.4,70.9,0,6.9,0,6.59,0,2,0,0,0.5,1,0,0.2,0,0,0.1,0,0,0.1,0,0.5,0,0,0
213,Saïd Benrahma,29,West Ham,28, AM(CLR)  ,14(16),1392,6,0.9,16.1,82,0.3,0.3,0,6.59,1,0,0,1.2,0.1,0,1.4,0.5,0.1,1.1,1.6,0.8,0.3,0.5,0,0.1,0.7,0,0
214,John Egan,163,Sheff Utd,31, D(C)  ,30(1),2630,1,0.1,36.2,81.7,0,3,0,6.58,0,7,1,0.5,2.6,1,0,0.3,0,0,0.2,1.3,1.3,0.9,0.3,4.2,0.5,1,0
215,Curtis Jones,26,Liverpool,22, AM(CL)  ,13(11),1178,2,0.5,40.3,92.2,0,0.9,0,6.58,1,2,0,0.8,0.6,0,0.9,0.5,0,1.3,0.9,0.7,0.8,0.8,0,0.4,0.5,0,0
216,Nemanja Matic,32,Man Utd,35, DMC  ,12(8),1102,0,0.4,50.8,90.3,0.1,2.7,0,6.58,0,2,0,0.3,1,0,0.9,0.3,0,0.4,0.7,1.3,1.1,0.7,0.1,0.5,0.9,0.3,0
217,Neal Maupay,211,Brighton,27," AM(C),FW  ",29(4),2519,2,1,19.7,78.5,0.2,0.4,0.1,6.57,8,1,1,2.2,0.6,1,0.7,1.3,0.4,1.5,2.2,0.6,0.4,0.8,0,0.2,0.6,0,0
218,Gary Cahill,162,Crystal Palace,37, D(C)  ,20,1800,1,0.4,37.3,82.4,0,2.4,0,6.57,1,3,0,0.6,3.5,0,0.1,0.2,0.2,0.1,0.4,0.7,0.7,0.6,0.3,4.3,0.2,1.1,0
219,Cheikhou Kouyaté,162,Crystal Palace,33," D(CR),DMC  ",35(1),3123,0,0.2,35.5,77.2,0,2.5,0,6.57,1,4,0,0.2,2.3,1,0.3,0.4,0,0.2,0.5,1.6,0.9,1,0.4,3.4,0.5,0.7,0
220,Theo Walcott,18,Southampton,34," M(CLR),FW  ",20(1),1629,3,0.8,19,74.4,0.2,0.3,0,6.56,3,0,0,1.4,0.5,1,0.8,1.4,0.4,1.3,2.7,1.1,0.7,0.6,0,0.1,1,0,0
221,Ben Davies,30,Tottenham,30," D(CL),M(L)  ",14(6),1340,1,0.4,32.3,79.2,0.3,1.1,0,6.56,0,1,0,0.2,1.3,0,0.2,0.7,0.1,0.1,0.3,1.4,0.9,1,0.4,2.3,0.9,0.3,0
222,Édouard Mendy,15,Chelsea,31, GK  ,31,2746,0,0,29,83.3,0,3.5,0,6.56,0,2,0,0,0.1,0,0,0.1,0,0,0,0,0,0,0,0.4,0,0,0
223,Rayan Aït-Nouri,161,Wolves,22," D(L),M(L)  ",16(5),1406,1,0.7,29.9,86.1,0.6,0.8,0,6.56,1,1,0,0.7,0.2,0,1.2,0.9,0,0.9,1.4,1.4,0.7,0.7,0,0.9,0.7,0,0
224,Bernd Leno,13,Arsenal,31, GK  ,35,3132,0,0,28.5,76.8,0,3.2,0,6.56,0,0,1,0,0.3,0,0,0.1,0,0,0,0,0,0.1,0,0.7,0,0,1
225,Luka Milivojevic,162,Crystal Palace,32, DMC  ,27(4),2365,1,0.7,41.7,83,0.5,2.4,0,6.55,1,8,1,0.6,1.1,1,0.3,1.1,0,0.6,0.4,2.1,1.1,1.2,0,1.5,1.1,0.2,0
226,Aaron Ramsdale,163,Sheff Utd,25, GK  ,38,3420,0,0.1,26.8,43.4,0,7.4,0,6.55,0,1,0,0,0.2,2,0.1,0.1,0,0,0.1,0,0.1,0,0,0.9,0,0,0
227,Nathan Redmond,18,Southampton,29," AM(CLR),FW  ",17(12),1731,3,1,24,76.8,0.1,0.7,0,6.55,2,1,0,1.6,0.3,0,1.3,0.5,0.1,1.3,1.4,1,0.4,1.1,0,0.3,0.6,0.1,0
228,Joel Ward,162,Crystal Palace,34," D(CLR),DMC,M(R)  ",25(1),2255,1,0.3,31.5,71.9,0.1,1.3,0,6.55,0,5,0,0.1,1.8,0,0.5,0.5,0,0.3,0.9,1.7,1.6,1.2,0.5,3.1,0.7,0.3,0
229,Kasper Schmeichel,14,Leicester,37, GK  ,38,3420,0,0,28.1,70.4,0,6.4,0,6.55,0,0,0,0,0.3,2,0,0.1,0,0,0,0,0,0,0,0.4,0,0,1
230,Ivan Cavaleiro,170,Fulham,30," AM(CLR),FW  ",27(9),2476,0,1.2,20.1,76.2,0.8,0.7,0,6.54,3,2,0,1.3,1.3,0,1.5,0.8,0.3,1.4,2.8,0.6,0.5,0.8,0.1,0.4,0.6,0,0
231,Alex Iwobi,31,Everton,27, M(CLR)  ,17(13),1543,2,0.5,19.8,83,0.3,0.8,0,6.54,1,0,0,0.5,0.1,0,1.5,0.4,0,0.9,1.4,0.9,0.5,0.4,0,0.4,0.4,0,0
232,Conor Coady,161,Wolves,30," D(CR),DMC  ",37,3304,0,0.1,50.2,88,0,6.7,0,6.53,1,5,0,0.2,1.1,1,0.2,0.3,0,0.1,0.2,0.9,0.7,0.6,0.6,3.5,0.4,0.9,0
233,Bobby De Cordova-Reid,170,Fulham,30," D(R),M(CLR),FW  ",28(5),2383,2,0.4,23,77.5,0.2,0.8,0,6.52,5,7,0,1,0.5,0,0.8,0.6,0.1,0.7,1.5,0.9,0.6,1.2,0.1,1,0.6,0.2,0
234,Jordan Ayew,162,Crystal Palace,32," AM(CLR),FW  ",23(10),2098,3,0.4,19.2,81,0.1,0.3,0,6.52,1,4,0,0.8,0.9,0,1.6,1.9,0.2,1.8,2.5,1.1,0.5,1.4,0,0.3,0.8,0.1,0
235,Mateusz Klich,19,Leeds,33, M(CL)  ,28(7),2399,5,1.3,41.9,82.3,0.3,1.5,0,6.51,4,6,0,1,0.4,0,0.4,0.6,0.2,0.6,1.1,1.1,0.3,1.3,0,0.4,1.3,0.1,0
236,John Fleck,163,Sheff Utd,32, DMC  ,29(2),2577,2,1.1,36.7,82.9,0.7,1.3,0,6.51,0,4,0,0.5,0.4,0,1,0.9,0,0.8,1,1.6,0.9,1.1,0,0.3,1.8,0.1,0
237,Robert Brady,184,Burnley,31," D(L),M(CLR)  ",12(7),1055,1,0.4,18.5,69.2,0.4,1.3,0,6.51,1,3,0,0.8,1,1,0.6,0.5,0.1,0.5,0.9,1.2,0.5,1.1,0,1.3,1.2,0,0
238,Dara O'Shea,175,WBA,24, D(CR)  ,25(3),2102,0,0.2,28.9,63.6,0,3.2,0,6.51,0,3,0,0.1,2.6,0,0.2,0.6,0,0.1,0.4,1.6,1.6,0.5,0.4,3.5,0.9,0.6,0
239,David Luiz,13,Arsenal,36," D(C),DMC  ",17(3),1400,0,0.1,50,83.5,0,3.6,0.1,6.51,1,1,1,0.8,1.8,0,0.2,0.3,0.1,0.1,0.2,0.6,0.8,0.8,0.2,2.5,0,0.5,0
240,Ruben Loftus-Cheek,170,Fulham,27, M(CLR)  ,21(9),1913,0,0.6,23.6,80.7,0.1,0.3,0,6.50,1,3,0,1.2,1.5,0,1.3,1.7,0.1,1.4,2.4,0.8,0.2,0.9,0,0.5,0.5,0.1,0
241,Aleksandar Mitrovic,170,Fulham,29, FW  ,13(14),1390,3,0.9,14,73.5,0.1,0.3,0.1,6.50,3,3,0,2.2,2.6,1,0.3,0.9,0.1,0.6,2.2,0.3,0.1,0.8,0,0.3,0.2,0.1,0
242,Rui Patrício,161,Wolves,35, GK  ,37,3330,0,0,17.9,62.5,0,4.7,0,6.50,0,1,0,0,0.2,0,0,0,0,0,0,0,0,0,0,0.2,0,0,0
243,Alex McCarthy,18,Southampton,33, GK  ,30,2700,0,0,31.3,61,0,4.8,0,6.49,0,2,0,0,0.1,1,0.1,0.1,0,0,0,0,0,0,0,0.7,0.1,0,0
244,Steven Bergwijn,30,Tottenham,26," AM(CLR),FW  ",13(8),1214,3,0.6,19.8,83.7,0,0.1,0,6.49,1,3,0,0.7,0.1,0,1,0.8,0,0.7,1.4,0.7,0.2,1,0,0.3,0.6,0,0
245,Jóhann Gudmundsson,184,Burnley,33, M(CLR)  ,16(6),1369,0,0.4,19.9,79.6,0.2,1,0,6.49,2,2,0,0.9,0.9,0,0.5,0.7,0,0.5,0.8,0.9,0.8,0.5,0,0.8,0.5,0.1,0
246,Oliver Norwood,163,Sheff Utd,32, M(C)  ,26(6),2226,0,1,43.9,83.4,1,3.5,0,6.48,0,6,0,0.3,0.5,0,0.1,0.3,0,0.2,0.5,1.5,1.1,0.8,0,1.5,1.6,0.4,0
247,James Milner,26,Liverpool,37," D(LR),M(CLR)  ",11(15),1062,1,0.5,33,85.6,0.4,1.1,0,6.48,0,3,0,0.5,0.9,0,0.2,0.4,0,0.5,0.5,1,0.5,0.7,0,0.5,0.8,0.1,0
248,David de Gea,32,Man Utd,33, GK  ,26,2296,0,0,19.3,75.4,0,3.2,0,6.47,0,0,0,0,0.2,0,0,0.1,0,0,0,0,0,0,0,0.5,0,0,0
249,Patrick van Aanholt,162,Crystal Palace,33," D(L),M(L)  ",20(2),1776,1,0.5,43.3,80.1,0.4,1.4,0,6.47,0,2,0,0.8,0.5,0,0.5,0.1,0.1,0.3,1.1,1.6,1.4,0.5,0,1.5,1.1,0.3,0
250,Ashley Barnes,184,Burnley,34," AM(CL),FW  ",15(7),1337,0,0.9,13.8,61.8,0,0.3,0,6.47,3,4,0,1.7,2.8,1,0,2.2,0.8,1,2,0.5,0.2,2.1,0,0.5,0.5,0.1,0
251,Tom Davies,31,Everton,25, M(C)  ,17(8),1426,1,0.2,27.9,81.2,0.1,1.4,0,6.46,0,3,0,0.3,0.4,0,0.7,1,0,0.4,0.8,1.2,1.4,1,0,0.8,0.9,0.4,0
252,André Gomes,31,Everton,30, M(CLR)  ,17(11),1568,1,0.5,31.3,85.3,0.1,2,0,6.46,0,3,0,0.5,0.7,0,1.1,0.5,0.1,1.1,1.1,1.3,0.4,1.3,0,0.4,1.5,0,0
253,Vicente Guaita,162,Crystal Palace,36, GK  ,37,3330,0,0,24.9,49.6,0,6.8,0,6.46,0,2,0,0,0.3,1,0,0.2,0,0,0,0,0,0,0,0.9,0,0,0
254,Adam Lallana,211,Brighton,35, M(CLR)  ,16(14),1592,1,0.8,30.8,85,0.1,0.6,0,6.45,1,0,0,0.7,0.3,0,0.6,0.7,0.1,0.5,0.8,0.9,0.5,0.6,0,0.4,1,0.1,0
255,Moussa Sissoko,30,Tottenham,34, M(CR)  ,15(10),1577,0,0.2,30.4,84.4,0,1.2,0,6.44,0,3,0,0.1,0.6,0,0.7,0.4,0,0.6,0.7,0.9,0.9,0.9,0,0.9,0.5,0.2,0
256,Alexis Mac Allister,211,Brighton,24," M(CL),FW  ",13(8),1117,1,0.7,18.9,80.8,0,0.8,0,6.44,1,1,0,1.1,0.4,0,0.8,0.7,0,0.8,1.3,1.2,0.4,0.9,0,0.1,1.3,0.2,0
257,Erik Pieters,184,Burnley,35," D(CL),M(L)  ",13(7),1262,1,0.3,23.6,74.4,0,1.4,0,6.44,0,1,0,0.2,0.7,0,0.3,1.1,0.1,0.5,0.6,1.5,0.6,1.3,0.3,1.4,1,0.5,1
258,Tyler Roberts,19,Leeds,24," AM(CR),FW  ",14(13),1341,2,0.6,17.1,71.6,0.1,0.5,0.1,6.43,1,3,0,1,0.7,0,0.6,1.2,0.3,0.6,1.2,0.6,0.3,0.9,0,0.4,0.6,0.1,0
259,Mohamed Elneny,13,Arsenal,31, DMC  ,17(6),1542,0,0.2,44,93,0,1.6,0,6.43,1,3,0,0.4,0.3,1,0.2,0.4,0,0.2,0.3,0.6,1,0.4,0,0.9,0.9,0.2,0
260,Ryan Bertrand,18,Southampton,34," D(CL),M(L)  ",29,2599,1,0.5,41.3,79.6,0.5,0.8,0,6.41,0,5,0,0.3,1.3,0,0.1,1.2,0.1,0.3,0.9,2.1,1,1,0.2,1.3,0.6,0,0
261,Grady Diangana,175,WBA,25," AM(CLR),FW  ",15(5),1239,0,0.3,16.8,76.2,0.1,0.3,0,6.41,1,0,0,0.7,1.2,0,1.3,1.8,0.2,1.9,2.6,1.8,0.8,0.6,0,0.4,1.2,0.1,0
262,Callum Robinson,175,WBA,28," AM(CLR),FW  ",20(8),1567,0,0.6,13.9,74.9,0.2,0.4,0,6.41,5,0,0,1.1,0.6,1,0.5,0.7,0.3,0.9,1.4,0.3,0.3,0.1,0,0.3,0.6,0,0
263,Ben Osborn,163,Sheff Utd,29," D(L),M(CLR)  ",17(7),1606,0,0.7,31,81,0.7,0.8,0,6.40,1,1,0,0.4,0.5,0,0.8,0.6,0.2,1,1.8,1.4,0.5,0.4,0,0.5,1.1,0.1,0
264,Semi Ajayi,175,WBA,30," D(C),DMC  ",31(2),2780,0,0.2,28.4,73.2,0,1.8,0,6.40,2,3,1,0.4,2.3,0,0.3,0.1,0,0.2,0.7,1.2,1.3,0.8,0.4,3.6,0.5,1,0
265,Enda Stevens,163,Sheff Utd,33," D(CL),M(L)  ",30,2700,1,0.6,39.5,78.1,0.4,1.9,0,6.39,0,6,0,0.5,1.2,0,0.7,0.3,0.1,1,1.5,2,0.7,1.1,0.3,2.5,0.8,0.4,0
266,Moussa Djenepo,18,Southampton,25, M(LR)  ,15(12),1240,0,0.2,14.1,72.8,0,0.3,0,6.37,1,5,0,0.5,0.4,0,1,1.4,0.1,0.6,1.8,1.9,0.4,1.1,0,0.4,1.3,0.1,0
267,Nampalys Mendy,14,Leicester,31, M(C)  ,15(8),1458,1,0.2,42.3,91,0,1.1,0,6.36,0,5,0,0.2,0.3,0,0.3,1.3,0,0.5,0.8,1.1,0.6,0.9,0,0.3,0.6,0,0
268,Matej Vydra,184,Burnley,31," AM(CL),FW  ",15(13),1368,2,0.5,8.4,71.2,0,0.1,0,6.36,3,0,0,1.3,1.3,0,0.6,0.5,0.4,0.8,1.9,0.3,0.2,0.2,0,0.2,0.3,0,0
269,Sean Longstaff,23,Newcastle,26, DMC  ,15(7),1406,1,0.5,25.4,81.5,0.3,2.3,0,6.36,0,2,0,0.7,0.5,0,0.2,1,0,0.3,0.8,1.4,0.9,1,0,0.6,1.1,0.2,0
270,Érik Lamela,30,Tottenham,31," AM(CLR),FW  ",5(18),708,0,0.4,14.7,83.1,0.1,0.3,0,6.36,1,4,1,0.9,0.3,0,1.1,0.4,0,0.6,0.9,0.7,0.3,1,0,0,0.6,0,0
271,George Baldock,163,Sheff Utd,30," D(CR),M(R)  ",32,2789,2,0.6,28,78.3,0.3,0.7,0,6.35,0,7,0,0.4,0.8,0,0.5,0.7,0.3,0.6,1,1.5,0.8,1.4,0.1,1.9,0.9,0.2,0
272,Donny van de Beek,32,Man Utd,26, M(C)  ,4(15),515,1,0.2,14.4,86.1,0,0.3,0,6.35,1,1,0,0.1,0.1,0,0.4,0.3,0,0.4,0.6,0.8,0.3,0.3,0,0.3,0.4,0.1,0
273,Matt Phillips,175,WBA,32," M(CLR),FW  ",20(13),1829,1,0.8,14.5,74.3,0.6,0.4,0,6.34,2,1,0,0.7,0.5,1,0.7,0.2,0.2,0.8,1.6,0.5,0.3,0.9,0,0.8,0.5,0.1,0
274,Jairo Riedewald,162,Crystal Palace,27," D(CL),DMC  ",19(14),1819,0,0.4,19.1,85.6,0,0.5,0,6.34,2,4,0,0.2,0.4,0,0.4,0.2,0,0.3,0.8,1,0.9,0.6,0,0.7,0.6,0.2,0
275,Jamal Lewis,23,Newcastle,25," D(L),M(L)  ",20(4),1833,1,0.6,27.1,77.1,0.5,1.3,0,6.34,0,4,0,0.1,0.4,0,0.5,0.7,0,0.5,0.7,1.5,0.5,0.8,0.5,1.5,0.9,0.3,0
276,Jeff Hendrick,23,Newcastle,31, M(CR)  ,17(5),1423,1,0.3,24.5,80.1,0.1,1.3,0,6.33,2,1,1,0.5,0.6,1,0.4,0.5,0.1,0.7,0.6,0.4,0.9,0.7,0,0.6,0.5,0.4,0
277,Hélder Costa,19,Leeds,29, AM(CLR)  ,13(9),1158,3,0.4,13.8,76.6,0.1,0.1,0,6.32,3,0,0,0.7,0.2,0,0.9,0.8,0.1,0.9,2,1.1,0.1,0.9,0,0.2,1,0,1
278,Fábio Silva,161,Wolves,21," AM(L),FW  ",11(21),1357,3,0.3,10.1,72.8,0,0,0,6.30,4,2,0,1.5,1.1,0,0.2,0.7,0.2,0.7,1.4,0.2,0.1,0.6,0,0.2,0.3,0,0
279,Jay Rodríguez,184,Burnley,34," AM(CLR),FW  ",12(19),1256,2,0.2,8.8,73.4,0,0.1,0,6.27,1,3,0,1,1.4,0,0.4,0.6,0.5,0.7,1.6,0.8,0.1,1,0,0.2,0.5,0.1,0
280,Alireza Jahanbakhsh,211,Brighton,30, AM(CLR)  ,6(15),525,1,0.5,11,77.6,0.2,0.3,0.1,6.26,0,3,0,0.9,0.2,0,0.5,0.2,0,0.3,0.6,0.4,0.4,0.3,0,0,0.5,0,0
281,Oliver Burke,163,Sheff Utd,26," AM(CLR),FW  ",14(11),1273,1,0.6,10.1,70.2,0,0.1,0,6.25,1,2,0,1,1.2,0,0.6,0.2,0.1,1.1,1.9,0.6,0.1,0.9,0,0.2,0.8,0,0
282,Vitinha,161,Wolves,23, M(C)  ,5(14),513,1,0.6,17.4,90.3,0.2,0.5,0.1,6.23,0,0,0,0.4,0,0,0.4,0.3,0.1,0.2,0.9,0.4,0.2,0.4,0,0.1,0.3,0,0
283,John Lundstram,163,Sheff Utd,29," D(C),DMC  ",23(5),2032,2,0.7,35.7,84.2,0.4,1.8,0,6.23,0,8,1,0.7,0.5,0,0.5,0.7,0,0.7,1,0.9,0.5,0.9,0.1,0.8,1.2,0.3,0
284,Ibrahima Diallo,18,Southampton,24, DMC  ,10(12),1012,0,0.4,26.7,85,0,0.7,0,6.22,0,3,0,0.3,0.5,0,0.5,0.5,0,0.7,0.9,1.3,0.5,1,0,0.5,0.3,0,0
285,Jacob Ramsey,24,Aston Villa,22, AM(CLR)  ,6(16),619,0,0.3,10,86,0.1,0.5,0,6.20,0,0,0,0.5,0.3,0,0.3,0.5,0.1,0.5,0.6,0.5,0.2,0.6,0,0.2,0.5,0.3,0
286,Mark Noble,29,West Ham,36, M(C)  ,8(13),707,0,0.2,20.5,88.6,0.1,1.3,0,6.17,0,1,0,0,0.1,0,0.1,0.4,0,0.3,0.2,0.4,0.6,0.4,0,0.1,0.5,0.1,0
287,Rhian Brewster,163,Sheff Utd,23, FW  ,12(15),1125,0,0.4,7.7,74.4,0.1,0.3,0.1,6.17,0,1,0,0.9,0.5,0,0.3,0.5,0.1,0.7,0.7,0.3,0.2,0.7,0,0.1,0.4,0.1,0
288,Karlan Grant,175,WBA,26," AM(CL),FW  ",14(7),1133,0,0.1,10.3,75.1,0,0.1,0,6.15,1,1,0,0.8,0.7,1,0.4,0.6,0.3,0.8,1.5,0.2,0.2,0.4,0,0.7,0.1,0,0
289,Hal Robson-Kanu,175,WBA,34," AM(LR),FW  ",2(17),549,0,0.3,4.2,70.9,0,0.1,0,6.13,2,2,0,0.7,0.6,0,0.3,0.5,0.2,0.8,1.6,0.1,0.1,0.8,0,0.4,0.1,0,0
290,Romaine Sawyers,175,WBA,32, M(CL)  ,17(2),1490,0,0.3,37.9,85.3,0.1,2.2,0.1,6.12,0,2,0,0.2,0.7,0,0.4,0.7,0,0.5,0.7,1.6,0.9,0.9,0.1,0.5,1.5,0.2,1
